lat,long,FT,ET,MT,log_stock,pH,MBC_g_kg,MBC,MBN,MAT,MAP,NDSI,TS,PS,MTW,MTC,MPW,MPC,bio_2,bio_7,bio_8,bio_9,bio_13,bio_14,bio_16,bio_17,NDVI,LAI,FPAR
52.93,122.87,Permafrost,Wetland,ErM,1.415267232,6,4.27432,0.2992024,0.1683419,-5.5,400,18.3852997,1726.839966,102.5009995,15.9499998,-26.2332993,300,14,15.5500002,60.0999985,15.9499998,-26.2332993,118,4,300,14,0.421577,3.402183406,0.741572052
48.17,128.65,Permafrost,Wetland,AM,1.3502771,6.6999998,0.93679,0.1030469,0.089492728,0.4,630,5.4612799,1584.400024,102.3300018,18.2999992,-20.7667007,390,20,13.7166996,57,18.2999992,-20.7667007,153,6,390,20,0.439049,3.599559471,0.72215859
48.13,128.65,Permafrost,Wetland,EcM,1.372021892,6.6999998,2.502366,0.240227136,0.102543751,0.4,630,7.5397801,1578.890015,101.8850021,18.3666992,-20.5667,392,22,13.6750002,56.7999992,18.3666992,-20.5667,153,6,392,22,0.415376,3.734801762,0.723303965
47.58,133.52,Seasonally frozen ground,Wetland,AM,1.060468926,6.6999998,0.961409,0.205741526,0.044297198,2.52,588,21.0009003,1566.76001,86.3098984,19.9832993,-18.75,340,27,10.7166996,53.0999985,19.9832993,-18.75,136,7,340,27,0.304837,1.891629956,0.558898678
47.58,133.48,Seasonally frozen ground,Wetland,NM,0.938183367,6.1999998,2.558976,0.619272192,0.032887052,2.52,588,24.4498997,1564.98999,86.1194992,19.9167004,-18.7667007,338,27,10.6750002,53.0999985,19.9167004,-18.7667007,135,7,338,27,0.304471,2.060352423,0.547400881
53.38,122.27,Permafrost,Forest,EcM,0.9007439,5.26,0.29,0.0609,0.188,-4.9,490,17.1676998,1675.359985,102.5469971,15.5,-25.4500008,293,14,14.875,58.4000015,15.5,-25.4500008,114,4,293,14,0.393888,3.125327511,0.727641921
53.38,122.27,Permafrost,Forest,EcM,0.548870745,5.55,0.164,0.050512,0.046,-4.9,490,17.1676998,1675.359985,102.5469971,15.5,-25.4500008,293,14,14.875,58.4000015,15.5,-25.4500008,114,4,293,14,0.393888,3.125327511,0.727641921
53.38,122.27,Permafrost,Forest,EcM,1.089307988,5.17,0.4,0.0904,0.276,-4.9,490,17.1676998,1675.359985,102.5469971,15.5,-25.4500008,293,14,14.875,58.4000015,15.5,-25.4500008,114,4,293,14,0.393888,3.125327511,0.727641921
53.38,122.27,Permafrost,Forest,EcM,0.568595931,5.49,0.193,0.054812,0.063,-4.9,490,17.1676998,1675.359985,102.5469971,15.5,-25.4500008,293,14,14.875,58.4000015,15.5,-25.4500008,114,4,293,14,0.393888,3.125327511,0.727641921
53.38,122.27,Permafrost,Forest,EcM,1.154707526,4.95,0.153,0.025398,0.128,-4.9,490,17.1676998,1675.359985,102.5469971,15.5,-25.4500008,293,14,14.875,58.4000015,15.5,-25.4500008,114,4,293,14,0.393888,3.125327511,0.727641921
53.38,122.27,Permafrost,Forest,EcM,0.767534317,5.71,0.053,0.01537,0.007,-4.9,490,17.1676998,1675.359985,102.5469971,15.5,-25.4500008,293,14,14.875,58.4000015,15.5,-25.4500008,114,4,293,14,0.393888,3.125327511,0.727641921
53.47,122.34,Permafrost,Wetland,NM,1.484185944,4.79,0.322875,0.085239006,0.045540907,-2.2,550.7,11.0199003,1804.560059,100.4160004,16.8833008,-27.1833,271,14,15.8000002,62.4000015,16.8833008,-27.1833,105,4,271,14,0.401434,3.366812227,0.756026201
53.47,122.34,Permafrost,Wetland,NM,1.390040207,4.62,0.322875,0.085239006,0.045540907,-2.2,550.7,11.0199003,1804.560059,100.4160004,16.8833008,-27.1833,271,14,15.8000002,62.4000015,16.8833008,-27.1833,105,4,271,14,0.401434,3.366812227,0.756026201
52.42,122.87,Permafrost,Wetland,ErM,2.01099495,4.54,4.19,0.93018,0.044061861,-3.9,452,12.1788998,1643.910034,103.3059998,14.8999996,-25.2999992,325,15,14.9750004,57.7999992,14.8999996,-25.2999992,128,4,325,15,0.430922,3.145414847,0.686331878
51.13,125.14,Permafrost,Wetland,AM,1.711623758,6.6999998,0.390397003,0.086668135,0.045767566,-2.4,522,12.1014004,1604.51001,104.9049988,16.7833004,-22.5167007,331,15,14.4582996,57,16.7833004,-18.7000008,135,4,331,15,0.370996,2.947161572,0.684847162
51.13,125.14,Permafrost,Wetland,AM,1.727612495,6.6999998,0.390397003,0.086668135,0.045767566,-2.4,522,12.1014004,1604.51001,104.9049988,16.7833004,-22.5167007,331,15,14.4582996,57,16.7833004,-18.7000008,135,4,331,15,0.370996,2.947161572,0.684847162
51.15,125.15,Permafrost,Wetland,EcM,1.826610068,6.6999998,0.389865997,0.086550251,0.045767566,-2.4,522,12.559,1608.349976,104.3000031,16.8167,-22.5832996,330,15,14.5417004,57.2000008,16.8167,-22.5832996,135,4,330,15,0.361417,2.58558952,0.662882096
51.15,125.15,Permafrost,Wetland,EcM,1.571962023,6.6999998,0.389865997,0.086550251,0.045767566,-2.4,522,12.559,1608.349976,104.3000031,16.8167,-22.5832996,330,15,14.5417004,57.2000008,16.8167,-22.5832996,135,4,330,15,0.361417,2.58558952,0.662882096
53.47,122.34,Permafrost,Forest,EcM,0.547085225,4.6,0.322875,0.085239006,0.045540907,-4.9,425,11.0199003,1804.560059,100.4160004,16.8833008,-27.1833,271,14,15.8000002,62.4000015,16.8833008,-27.1833,105,4,271,14,0.401434,3.366812227,0.756026201
53.47,122.34,Permafrost,Forest,EcM,0.878273589,5,0.322875,0.085239006,0.045540907,-4.9,425,11.0199003,1804.560059,100.4160004,16.8833008,-27.1833,271,14,15.8000002,62.4000015,16.8833008,-27.1833,105,4,271,14,0.401434,3.366812227,0.756026201
53.47,122.34,Permafrost,Forest,EcM,1.167381178,4.8,0.322875,0.085239006,0.045540907,-4.9,425,11.0199003,1804.560059,100.4160004,16.8833008,-27.1833,271,14,15.8000002,62.4000015,16.8833008,-27.1833,105,4,271,14,0.401434,3.366812227,0.756026201
52.94,122.87,Permafrost,Wetland,AM,1.889178401,6.6999998,0.424934998,0.094335569,0.053080779,-4.2,425,15.8376999,1731.280029,103.6399994,16.0832996,-26.2000008,298,14,15.5583,60.2000008,16.0832996,-26.2000008,117,4,298,14,0.396081,2.931004367,0.695283843
51.13,125.14,Permafrost,Wetland,AM,1.79813941,6.6999998,0.390397003,0.086668135,0.045767566,-3,490,12.1014004,1604.51001,104.9049988,16.7833004,-22.5167007,331,15,14.4582996,57,16.7833004,-18.7000008,135,4,331,15,0.370996,2.947161572,0.684847162
52.99,122.11,Permafrost,Forest,EcM,1.924500317,6.6999998,0.428622009,0.095154086,0.055720722,-4.2,438,9.2787199,1746.900024,104.1029968,15.9499998,-26.7999992,292,15,16.125,61.4000015,15.9499998,-22.2000008,114,4,292,15,0.378652,2.407423581,0.637379913
52.99,122.11,Permafrost,Forest,EcM,1.899195117,6.6999998,0.428622009,0.095154086,0.055720722,-4.2,438,9.2787199,1746.900024,104.1029968,15.9499998,-26.7999992,292,15,16.125,61.4000015,15.9499998,-22.2000008,114,4,292,15,0.378652,2.407423581,0.637379913
52.99,122.11,Permafrost,Forest,EcM,1.833693596,6.6999998,0.428622009,0.095154086,0.055720722,-4.2,438,9.2787199,1746.900024,104.1029968,15.9499998,-26.7999992,292,15,16.125,61.4000015,15.9499998,-22.2000008,114,4,292,15,0.378652,2.407423581,0.637379913
53.04,122.05,Permafrost,Forest,EcM,2.052854551,6,0.264035004,0.078154361,0.040617569,-4.2,438,12.1511002,1716.719971,103.7850037,15.6167002,-26.3666992,295,14,15.8416996,60.2999992,15.6167002,-26.3666992,115,4,295,14,0.399646,2.663318777,0.672489083
53.04,122.05,Permafrost,Forest,EcM,2.019301339,6,0.264035004,0.078154361,0.040617569,-4.2,438,12.1511002,1716.719971,103.7850037,15.6167002,-26.3666992,295,14,15.8416996,60.2999992,15.6167002,-26.3666992,115,4,295,14,0.399646,2.663318777,0.672489083
53.04,122.05,Permafrost,Forest,EcM,1.943249026,6,0.264035004,0.078154361,0.040617569,-4.2,438,12.1511002,1716.719971,103.7850037,15.6167002,-26.3666992,295,14,15.8416996,60.2999992,15.6167002,-26.3666992,115,4,295,14,0.399646,2.663318777,0.672489083
51.89,121.91,Permafrost,Forest,EcM,0.996474887,6.6999998,0.434451996,0.096448343,0.043304504,-4.2,438,4.9176002,1657.160034,106.5770035,14.7666998,-25.9167004,319,15,15.2166996,59.2000008,14.7666998,-25.9167004,127,4,319,15,0.375984,3.121834061,0.707772926
51.89,121.91,Permafrost,Forest,EcM,0.962056891,6.6999998,0.434451996,0.096448343,0.043304504,-4.2,438,4.9176002,1657.160034,106.5770035,14.7666998,-25.9167004,319,15,15.2166996,59.2000008,14.7666998,-25.9167004,127,4,319,15,0.375984,3.121834061,0.707772926
51.89,121.91,Permafrost,Forest,EcM,0.956045542,6.6999998,0.434451996,0.096448343,0.043304504,-4.2,438,4.9176002,1657.160034,106.5770035,14.7666998,-25.9167004,319,15,15.2166996,59.2000008,14.7666998,-25.9167004,127,4,319,15,0.375984,3.121834061,0.707772926
52.28,122.29,Permafrost,Forest,EcM,1.844516441,6,0.250276001,0.074081696,0.032802028,-4.2,438,17.6648006,1707.689941,105.0749969,14.9666996,-26.8500004,318,15,15.7082996,60.2000008,14.9666996,-26.8500004,125,4,318,15,0.352671,2.472052402,0.647510917
52.28,122.29,Permafrost,Forest,EcM,1.718272573,6,0.250276001,0.074081696,0.032802028,-4.2,438,17.6648006,1707.689941,105.0749969,14.9666996,-26.8500004,318,15,15.7082996,60.2000008,14.9666996,-26.8500004,125,4,318,15,0.352671,2.472052402,0.647510917
52.28,122.29,Permafrost,Forest,EcM,1.867379418,6,0.250276001,0.074081696,0.032802028,-4.2,438,17.6648006,1707.689941,105.0749969,14.9666996,-26.8500004,318,15,15.7082996,60.2000008,14.9666996,-26.8500004,125,4,318,15,0.352671,2.472052402,0.647510917
51.13,125.14,Permafrost,Forest,EcM,1.730432067,4.13498,1.42553,0.31646766,0.154781,-2.3,500,12.1014004,1604.51001,104.9049988,16.7833004,-22.5167007,331,15,14.4582996,57,16.7833004,-18.7000008,135,4,331,15,0.370996,2.947161572,0.684847162
51.13,125.14,Permafrost,Forest,EcM,1.701306121,3.99081,1.17711,0.26131842,0.155328,-2.3,500,12.1014004,1604.51001,104.9049988,16.7833004,-22.5167007,331,15,14.4582996,57,16.7833004,-18.7000008,135,4,331,15,0.370996,2.947161572,0.684847162
51.13,125.14,Permafrost,Forest,EcM,1.484450321,4.39005,1.50316,0.33370152,0.155328,-2.3,500,12.1014004,1604.51001,104.9049988,16.7833004,-22.5167007,331,15,14.4582996,57,16.7833004,-18.7000008,135,4,331,15,0.370996,2.947161572,0.684847162
51.13,125.14,Permafrost,Forest,EcM,1.366349429,4.25142,0.851053,0.188933766,0.129645,-2.3,500,12.1014004,1604.51001,104.9049988,16.7833004,-22.5167007,331,15,14.4582996,57,16.7833004,-18.7000008,135,4,331,15,0.370996,2.947161572,0.684847162
51.13,125.14,Permafrost,Forest,EcM,1.360886113,4.18488,1.51092,0.33542424,0.11653,-2.3,500,12.1014004,1604.51001,104.9049988,16.7833004,-22.5167007,331,15,14.4582996,57,16.7833004,-18.7000008,135,4,331,15,0.370996,2.947161572,0.684847162
51.13,125.14,Permafrost,Forest,EcM,0.981773382,4.20152,1.61961,0.35955342,0.095765,-2.3,500,12.1014004,1604.51001,104.9049988,16.7833004,-22.5167007,331,15,14.4582996,57,16.7833004,-18.7000008,135,4,331,15,0.370996,2.947161572,0.684847162
51.12,125.14,Permafrost,Forest,EcM,0.894623206,4.81147,0.656974,0.145848228,0.10123,-2.3,500,12.1014004,1598.439941,105.1009979,16.6833,-22.4666996,334,14,14.4083004,56.7999992,16.6833,-22.4666996,136,4,334,14,0.419549,2.947161572,0.684847162
51.12,125.14,Permafrost,Forest,EcM,0.718531947,4.8281,0.462895,0.10276269,0.0946721,-2.3,500,12.1014004,1598.439941,105.1009979,16.6833,-22.4666996,334,14,14.4083004,56.7999992,16.6833,-22.4666996,136,4,334,14,0.419549,2.947161572,0.684847162
52,123,Permafrost,Forest,EcM,1.454283965,6,0.246020004,0.072821921,0.033027703,-3,350,7.9060602,1591.900024,104.3330002,14.25,-24.6333008,351,16,14.6583004,56.2000008,14.25,-24.6333008,140,5,351,16,0.467418,3.226637555,0.695764192
52,123,Permafrost,Forest,EcM,1.180286549,6,0.246020004,0.072821921,0.033027703,-3,350,7.9060602,1591.900024,104.3330002,14.25,-24.6333008,351,16,14.6583004,56.2000008,14.25,-24.6333008,140,5,351,16,0.467418,3.226637555,0.695764192
52,123,Permafrost,Wetland,AM,1.700526159,6.0999999,0.246020004,0.077742321,0.030937342,-3,350,7.9060602,1591.900024,104.3330002,14.25,-24.6333008,351,16,14.6583004,56.2000008,14.25,-24.6333008,140,5,351,16,0.467418,3.226637555,0.695764192
52,123,Permafrost,Wetland,AM,1.572193743,6,0.246020004,0.072821921,0.033027703,-3,350,7.9060602,1591.900024,104.3330002,14.25,-24.6333008,351,16,14.6583004,56.2000008,14.25,-24.6333008,140,5,351,16,0.467418,3.226637555,0.695764192
52,123,Permafrost,Forest,EcM,1.388337628,6,0.246020004,0.072821921,0.033027703,-3,350,7.9060602,1591.900024,104.3330002,14.25,-24.6333008,351,16,14.6583004,56.2000008,14.25,-24.6333008,140,5,351,16,0.467418,3.226637555,0.695764192
52,123,Permafrost,Forest,EcM,1.247718149,6,0.246020004,0.072821921,0.033027703,-3,350,7.9060602,1591.900024,104.3330002,14.25,-24.6333008,351,16,14.6583004,56.2000008,14.25,-24.6333008,140,5,351,16,0.467418,3.226637555,0.695764192
52,123,Permafrost,Wetland,AM,1.660723725,6,0.246020004,0.072821921,0.033027703,-3,350,7.9060602,1591.900024,104.3330002,14.25,-24.6333008,351,16,14.6583004,56.2000008,14.25,-24.6333008,140,5,351,16,0.467418,3.226637555,0.695764192
52,123,Permafrost,Wetland,AM,1.582527317,6,0.246020004,0.072821921,0.033027703,-3,350,7.9060602,1591.900024,104.3330002,14.25,-24.6333008,351,16,14.6583004,56.2000008,14.25,-24.6333008,140,5,351,16,0.467418,3.226637555,0.695764192
53.47,122.33,Permafrost,Forest,EcM,1.023188237,5.53,0.322816986,0.065209031,0.059518814,-3.3,442.95,11.0199003,1798.890015,100.7549973,16.7833004,-27.1333008,271,14,15.7666998,62.2999992,16.7833004,-27.1333008,105,4,271,14,0.404515,3.366812227,0.756026201
53.47,122.35,Permafrost,Forest,EcM,1.006705587,5.57,0.324446014,0.068133663,0.057251431,-3.3,442.95,14.1899996,1810.280029,100.8499985,16.9500008,-27.25,271,14,15.8083,62.5999985,16.9500008,-27.25,105,4,271,14,0.290662,2.675982533,0.669868996
53.45,122.23,Permafrost,Forest,EcM,0.91944421,4.65,0.268052002,0.038063384,0.084667609,-3.3,442.95,16.2763996,1728.680054,102.6190033,16.2999992,-25.9500008,279,12,15.0333004,60,16.2999992,-25.9500008,109,3,279,12,0.462829,3.663755459,0.767292576
52.28,122.28,Permafrost,Forest,EcM,1.842507393,4.78151,0.250276001,0.074081696,0.032802028,-4.2,438,17.6648006,1708.640015,105.3010025,14.9666996,-26.8666992,318,15,15.7333002,60.2000008,14.9666996,-26.8666992,125,4,318,15,0.36229,2.472052402,0.647510917
52.28,122.28,Permafrost,Forest,EcM,1.711763578,4.72,0.250276001,0.074081696,0.032802028,-4.2,438,17.6648006,1708.640015,105.3010025,14.9666996,-26.8666992,318,15,15.7333002,60.2000008,14.9666996,-26.8666992,125,4,318,15,0.36229,2.472052402,0.647510917
52.28,122.28,Permafrost,Forest,EcM,1.861650908,4.89,0.250276001,0.074081696,0.032802028,-4.2,438,17.6648006,1708.640015,105.3010025,14.9666996,-26.8666992,318,15,15.7333002,60.2000008,14.9666996,-26.8666992,125,4,318,15,0.36229,2.472052402,0.647510917
51.89,121.9,Permafrost,Forest,EcM,0.997876179,4.86,0.434451996,0.096448343,0.043304504,-4.2,438,6.1280398,1657.160034,106.5770035,14.7666998,-25.9167004,319,15,15.2166996,59.2000008,14.7666998,-25.9167004,127,4,319,15,0.375984,2.818777293,0.692969432
51.89,121.9,Permafrost,Forest,EcM,0.959179199,5.08,0.434451996,0.096448343,0.043304504,-4.2,438,6.1280398,1657.160034,106.5770035,14.7666998,-25.9167004,319,15,15.2166996,59.2000008,14.7666998,-25.9167004,127,4,319,15,0.375984,2.818777293,0.692969432
51.89,121.9,Permafrost,Forest,EcM,0.955482963,5.27,0.434451996,0.096448343,0.043304504,-4.2,438,6.1280398,1657.160034,106.5770035,14.7666998,-25.9167004,319,15,15.2166996,59.2000008,14.7666998,-25.9167004,127,4,319,15,0.375984,2.818777293,0.692969432
53.47,122.33,Permafrost,Wetland,EcM,1.149226538,4.68,0.322816986,0.085223691,0.045540907,-4.9,490,11.0199003,1798.890015,100.7549973,16.7833004,-27.1333008,271,14,15.7666998,62.2999992,16.7833004,-27.1333008,105,4,271,14,0.404515,3.366812227,0.756026201
53.47,122.33,Permafrost,Wetland,EcM,1.21664933,5.04,0.322816986,0.085223691,0.045540907,-4.9,490,11.0199003,1798.890015,100.7549973,16.7833004,-27.1333008,271,14,15.7666998,62.2999992,16.7833004,-27.1333008,105,4,271,14,0.404515,3.366812227,0.756026201
53.47,122.34,Permafrost,Wetland,EcM,1.115506701,4.87,0.322875,0.085239006,0.045540907,-4.9,490,11.0199003,1804.560059,100.4160004,16.8833008,-27.1833,271,14,15.8000002,62.4000015,16.8833008,-27.1833,105,4,271,14,0.401434,3.366812227,0.756026201
52.73,122.65,Permafrost,Forest,EcM,1.957013138,3.9,0.253132004,0.074927073,0.039810584,-3.9,452,10.8541002,1714.180054,101.7740021,15.6000004,-26.3332996,306,15,15.5832996,59.9000015,15.6000004,-26.3332996,120,4,306,15,0.448005,3.410043668,0.723580786
52.73,122.65,Permafrost,Forest,EcM,1.765757937,4,0.253132004,0.074927073,0.039810584,-3.9,452,10.8541002,1714.180054,101.7740021,15.6000004,-26.3332996,306,15,15.5832996,59.9000015,15.6000004,-26.3332996,120,4,306,15,0.448005,3.410043668,0.723580786
52.73,122.65,Permafrost,Wetland,EcM,2.092467993,4.1,0.253132004,0.074927073,0.039810584,-3.9,452,10.8541002,1714.180054,101.7740021,15.6000004,-26.3332996,306,15,15.5832996,59.9000015,15.6000004,-26.3332996,120,4,306,15,0.448005,3.410043668,0.723580786
52.73,122.65,Permafrost,Wetland,EcM,1.938159331,4.1,0.253132004,0.074927073,0.039810584,-3.9,452,10.8541002,1714.180054,101.7740021,15.6000004,-26.3332996,306,15,15.5832996,59.9000015,15.6000004,-26.3332996,120,4,306,15,0.448005,3.410043668,0.723580786
52.73,122.65,Permafrost,Wetland,NM,2.001491409,4.3,0.253132004,0.074927073,0.039810584,-3.9,452,10.8541002,1714.180054,101.7740021,15.6000004,-26.3332996,306,15,15.5832996,59.9000015,15.6000004,-26.3332996,120,4,306,15,0.448005,3.410043668,0.723580786
52.73,122.65,Permafrost,Wetland,NM,1.821539729,4.1,0.253132004,0.074927073,0.039810584,-3.9,452,10.8541002,1714.180054,101.7740021,15.6000004,-26.3332996,306,15,15.5832996,59.9000015,15.6000004,-26.3332996,120,4,306,15,0.448005,3.410043668,0.723580786
51.58,124.28,Permafrost,Wetland,ErM,2.097711127,4.19,0.245278,0.072602288,0.032394145,-3.6,498,12.6618004,1592.560059,104.8899994,15.2166996,-23.7833004,345,12,14.8832998,57.2000008,15.2166996,-23.7833004,141,3,345,12,0.485953,3.569432314,0.725633188
52.25,122.64,Permafrost,Wetland,ErM,2.052683786,4.88462,0.247783997,0.073344063,0.033046396,-5,430,12.7136002,1635.189941,102.4919968,14.25,-25.75,335,15,15.0916996,57.7999992,14.25,-25.75,133,4,335,15,0.376985,2.88209607,0.682751092
53.47,122.33,Permafrost,Wetland,EcM,0.942611212,4.57,0.322816986,0.085223691,0.045540907,-4.1,490,11.0199003,1798.890015,100.7549973,16.7833004,-27.1333008,271,14,15.7666998,62.2999992,16.7833004,-27.1333008,105,4,271,14,0.404515,3.366812227,0.756026201
53.47,122.33,Permafrost,Wetland,EcM,0.530507087,4.67,0.322816986,0.085223691,0.045540907,-4.1,490,11.0199003,1798.890015,100.7549973,16.7833004,-27.1333008,271,14,15.7666998,62.2999992,16.7833004,-27.1333008,105,4,271,14,0.404515,3.366812227,0.756026201
53.47,122.33,Permafrost,Wetland,EcM,0.942611212,4.86,0.322816986,0.085223691,0.045540907,-4.1,490,11.0199003,1798.890015,100.7549973,16.7833004,-27.1333008,271,14,15.7666998,62.2999992,16.7833004,-27.1333008,105,4,271,14,0.404515,3.366812227,0.756026201
53.47,122.33,Permafrost,Wetland,EcM,0.482679283,4.98,0.322816986,0.085223691,0.045540907,-4.1,490,11.0199003,1798.890015,100.7549973,16.7833004,-27.1333008,271,14,15.7666998,62.2999992,16.7833004,-27.1333008,105,4,271,14,0.404515,3.366812227,0.756026201
53.47,122.33,Permafrost,Wetland,EcM,0.969747597,4.81,0.322816986,0.085223691,0.045540907,-4.1,490,11.0199003,1798.890015,100.7549973,16.7833004,-27.1333008,271,14,15.7666998,62.2999992,16.7833004,-27.1333008,105,4,271,14,0.404515,3.366812227,0.756026201
53.47,122.33,Permafrost,Wetland,EcM,0.58951177,4.88,0.322816986,0.085223691,0.045540907,-4.1,490,11.0199003,1798.890015,100.7549973,16.7833004,-27.1333008,271,14,15.7666998,62.2999992,16.7833004,-27.1333008,105,4,271,14,0.404515,3.366812227,0.756026201
53.47,122.33,Permafrost,Wetland,EcM,1.122221155,4.87,0.322816986,0.085223691,0.045540907,-4.1,490,11.0199003,1798.890015,100.7549973,16.7833004,-27.1333008,271,14,15.7666998,62.2999992,16.7833004,-27.1333008,105,4,271,14,0.404515,3.366812227,0.756026201
53.47,122.33,Permafrost,Wetland,EcM,0.685003291,5.12,0.322816986,0.085223691,0.045540907,-4.1,490,11.0199003,1798.890015,100.7549973,16.7833004,-27.1333008,271,14,15.7666998,62.2999992,16.7833004,-27.1333008,105,4,271,14,0.404515,3.366812227,0.756026201
53.47,122.33,Permafrost,Wetland,EcM,0.956391318,4.97,0.322816986,0.085223691,0.045540907,-4.1,490,11.0199003,1798.890015,100.7549973,16.7833004,-27.1333008,271,14,15.7666998,62.2999992,16.7833004,-27.1333008,105,4,271,14,0.404515,3.366812227,0.756026201
53.47,122.33,Permafrost,Wetland,EcM,0.565243195,5.13,0.322816986,0.085223691,0.045540907,-4.1,490,11.0199003,1798.890015,100.7549973,16.7833004,-27.1333008,271,14,15.7666998,62.2999992,16.7833004,-27.1333008,105,4,271,14,0.404515,3.366812227,0.756026201
53.47,122.33,Permafrost,Wetland,EcM,1.006048267,4.8,0.322816986,0.085223691,0.045540907,-4.1,490,11.0199003,1798.890015,100.7549973,16.7833004,-27.1333008,271,14,15.7666998,62.2999992,16.7833004,-27.1333008,105,4,271,14,0.404515,3.366812227,0.756026201
53.47,122.33,Permafrost,Wetland,EcM,0.652052881,4.91,0.322816986,0.085223691,0.045540907,-4.1,490,11.0199003,1798.890015,100.7549973,16.7833004,-27.1333008,271,14,15.7666998,62.2999992,16.7833004,-27.1333008,105,4,271,14,0.404515,3.366812227,0.756026201
53.47,122.33,Permafrost,Wetland,EcM,1.016548697,4.94,0.322816986,0.085223691,0.045540907,-4.1,490,11.0199003,1798.890015,100.7549973,16.7833004,-27.1333008,271,14,15.7666998,62.2999992,16.7833004,-27.1333008,105,4,271,14,0.404515,3.366812227,0.756026201
53.47,122.33,Permafrost,Wetland,EcM,0.573586355,5.01,0.322816986,0.085223691,0.045540907,-4.1,490,11.0199003,1798.890015,100.7549973,16.7833004,-27.1333008,271,14,15.7666998,62.2999992,16.7833004,-27.1333008,105,4,271,14,0.404515,3.366812227,0.756026201
53.47,122.33,Permafrost,Wetland,EcM,1.033963908,4.92,0.322816986,0.085223691,0.045540907,-4.1,490,11.0199003,1798.890015,100.7549973,16.7833004,-27.1333008,271,14,15.7666998,62.2999992,16.7833004,-27.1333008,105,4,271,14,0.404515,3.366812227,0.756026201
53.47,122.33,Permafrost,Wetland,EcM,0.634590145,5.04,0.322816986,0.085223691,0.045540907,-4.1,490,11.0199003,1798.890015,100.7549973,16.7833004,-27.1333008,271,14,15.7666998,62.2999992,16.7833004,-27.1333008,105,4,271,14,0.404515,3.366812227,0.756026201
53.47,122.33,Permafrost,Wetland,EcM,1.062780507,5.04,0.322816986,0.085223691,0.045540907,-4.1,490,11.0199003,1798.890015,100.7549973,16.7833004,-27.1333008,271,14,15.7666998,62.2999992,16.7833004,-27.1333008,105,4,271,14,0.404515,3.366812227,0.756026201
53.47,122.33,Permafrost,Wetland,EcM,0.694373546,5.09,0.322816986,0.085223691,0.045540907,-4.1,490,11.0199003,1798.890015,100.7549973,16.7833004,-27.1333008,271,14,15.7666998,62.2999992,16.7833004,-27.1333008,105,4,271,14,0.404515,3.366812227,0.756026201
53.47,122.33,Permafrost,Wetland,EcM,1.019518431,4.99,0.322816986,0.085223691,0.045540907,-4.1,490,11.0199003,1798.890015,100.7549973,16.7833004,-27.1333008,271,14,15.7666998,62.2999992,16.7833004,-27.1333008,105,4,271,14,0.404515,3.366812227,0.756026201
53.47,122.33,Permafrost,Wetland,EcM,0.641712048,5.14,0.322816986,0.085223691,0.045540907,-4.1,490,11.0199003,1798.890015,100.7549973,16.7833004,-27.1333008,271,14,15.7666998,62.2999992,16.7833004,-27.1333008,105,4,271,14,0.404515,3.366812227,0.756026201
53.47,122.34,Permafrost,Wetland,EcM,0.908034439,4.76,0.322875,0.085239006,0.045540907,-4.1,490,11.0199003,1804.560059,100.4160004,16.8833008,-27.1833,271,14,15.8000002,62.4000015,16.8833008,-27.1833,105,4,271,14,0.401434,3.366812227,0.756026201
53.47,122.34,Permafrost,Wetland,EcM,0.561168226,4.82,0.322875,0.085239006,0.045540907,-4.1,490,11.0199003,1804.560059,100.4160004,16.8833008,-27.1833,271,14,15.8000002,62.4000015,16.8833008,-27.1833,105,4,271,14,0.401434,3.366812227,0.756026201
53.47,122.34,Permafrost,Wetland,EcM,0.874463296,4.84,0.322875,0.085239006,0.045540907,-4.1,490,11.0199003,1804.560059,100.4160004,16.8833008,-27.1833,271,14,15.8000002,62.4000015,16.8833008,-27.1833,105,4,271,14,0.401434,3.366812227,0.756026201
53.47,122.34,Permafrost,Wetland,EcM,0.497515721,4.95,0.322875,0.085239006,0.045540907,-4.1,490,11.0199003,1804.560059,100.4160004,16.8833008,-27.1833,271,14,15.8000002,62.4000015,16.8833008,-27.1833,105,4,271,14,0.401434,3.366812227,0.756026201
53.47,122.34,Permafrost,Wetland,EcM,0.872468652,5.05,0.322875,0.085239006,0.045540907,-4.1,490,11.0199003,1804.560059,100.4160004,16.8833008,-27.1833,271,14,15.8000002,62.4000015,16.8833008,-27.1833,105,4,271,14,0.401434,3.366812227,0.756026201
53.47,122.34,Permafrost,Wetland,EcM,0.467318019,5.1,0.322875,0.085239006,0.045540907,-4.1,490,11.0199003,1804.560059,100.4160004,16.8833008,-27.1833,271,14,15.8000002,62.4000015,16.8833008,-27.1833,105,4,271,14,0.401434,3.366812227,0.756026201
53.47,122.34,Permafrost,Wetland,EcM,1.023881044,4.77,0.322875,0.085239006,0.045540907,-4.1,490,11.0199003,1804.560059,100.4160004,16.8833008,-27.1833,271,14,15.8000002,62.4000015,16.8833008,-27.1833,105,4,271,14,0.401434,3.366812227,0.756026201
53.47,122.34,Permafrost,Wetland,EcM,0.678562112,4.85,0.322875,0.085239006,0.045540907,-4.1,490,11.0199003,1804.560059,100.4160004,16.8833008,-27.1833,271,14,15.8000002,62.4000015,16.8833008,-27.1833,105,4,271,14,0.401434,3.366812227,0.756026201
53.47,122.34,Permafrost,Wetland,EcM,0.892602129,4.95,0.322875,0.085239006,0.045540907,-4.1,490,11.0199003,1804.560059,100.4160004,16.8833008,-27.1833,271,14,15.8000002,62.4000015,16.8833008,-27.1833,105,4,271,14,0.401434,3.366812227,0.756026201
53.47,122.34,Permafrost,Wetland,EcM,0.516773311,5.05,0.322875,0.085239006,0.045540907,-4.1,490,11.0199003,1804.560059,100.4160004,16.8833008,-27.1833,271,14,15.8000002,62.4000015,16.8833008,-27.1833,105,4,271,14,0.401434,3.366812227,0.756026201
53.48,122.37,Permafrost,Forest,EcM,0.925163519,4.72,0.348751007,0.08649025,0.048479034,-4.9,432,27.6084003,1806.349976,101.1760025,16.9500008,-27.1667004,271,14,15.7250004,62.5,16.9500008,-27.1667004,105,4,271,14,,,
53.48,122.37,Permafrost,Forest,EcM,0.511391327,4.88,0.348751007,0.08649025,0.048479034,-4.9,432,27.6084003,1806.349976,101.1760025,16.9500008,-27.1667004,271,14,15.7250004,62.5,16.9500008,-27.1667004,105,4,271,14,,,
52.35,124.73,Permafrost,Forest,EcM,1.198885752,4.8,0.300339996,0.079289765,0.055431815,-2.2,472,13.9197998,1678.099976,100.5979996,17.3167,-23.7332993,310,16,14.2833004,58.2000008,17.3167,-23.7332993,124,4,310,16,0.25754,,
52.35,124.73,Permafrost,Forest,EcM,0.78521594,5.21,0.300339996,0.079289765,0.055431815,-2.2,472,13.9197998,1678.099976,100.5979996,17.3167,-23.7332993,310,16,14.2833004,58.2000008,17.3167,-23.7332993,124,4,310,16,0.25754,,
50.53,124.25,Permafrost,Forest,EcM,1.29345979,5.6,0.241125,0.071373,0.042037612,-3,500,18.7884007,1577.839966,108.3690033,16.7166996,-21.9666996,341,14,14.9582996,56.7999992,16.7166996,-21.9666996,143,4,341,14,0.352986,2.657641921,0.675895197
50.53,124.25,Permafrost,Forest,EcM,0.717544023,5.49,0.241125,0.071373,0.042037612,-3,500,18.7884007,1577.839966,108.3690033,16.7166996,-21.9666996,341,14,14.9582996,56.7999992,16.7166996,-21.9666996,143,4,341,14,0.352986,2.657641921,0.675895197
52.94,122.86,Permafrost,Wetland,,1.94732587,4.84,16.48,3.65856,0.053080779,-3.9,450,13.6177998,1736.969971,103.413002,16.2166996,-26.2166996,297,14,15.6000004,60.4000015,16.2166996,-26.2166996,116,4,297,14,0.393078,2.487336245,0.652576419
52.94,122.86,Permafrost,Wetland,,1.891660091,5.04,10.16,2.25552,0.053080779,-3.9,450,13.6177998,1736.969971,103.413002,16.2166996,-26.2166996,297,14,15.6000004,60.4000015,16.2166996,-26.2166996,116,4,297,14,0.393078,2.487336245,0.652576419
52.94,122.86,Permafrost,Wetland,EcM,1.95273434,4.49,22.62,5.02164,0.053080779,-3.9,450,13.6177998,1736.969971,103.413002,16.2166996,-26.2166996,297,14,15.6000004,60.4000015,16.2166996,-26.2166996,116,4,297,14,0.393078,2.487336245,0.652576419
52.94,122.86,Permafrost,Wetland,EcM,1.931813704,4.8,13.52,3.00144,0.053080779,-3.9,450,13.6177998,1736.969971,103.413002,16.2166996,-26.2166996,297,14,15.6000004,60.4000015,16.2166996,-26.2166996,116,4,297,14,0.393078,2.487336245,0.652576419
52.73,122.65,Permafrost,Wetland,EcM,1.154484837,5.2,0.253132004,0.008100224,0.368247906,-3.9,452,10.8541002,1714.180054,101.7740021,15.6000004,-26.3332996,306,15,15.5832996,59.9000015,15.6000004,-26.3332996,120,4,306,15,0.448005,3.410043668,0.723580786
52.42,122.87,Permafrost,Wetland,ErM,2.043582317,4.5,4.472,0.992784,0.044061861,-3.9,452,12.1788998,1643.910034,103.3059998,14.8999996,-25.2999992,325,15,14.9750004,57.7999992,14.8999996,-25.2999992,128,4,325,15,0.430922,3.145414847,0.686331878
53.47,122.33,Permafrost,Wetland,EcM,0.970607222,4.98,0.322816986,0.085223691,0.045540907,-4.9,490,11.0199003,1798.890015,100.7549973,16.7833004,-27.1333008,271,14,15.7666998,62.2999992,16.7833004,-27.1333008,105,4,271,14,0.404515,3.366812227,0.756026201
53.47,122.33,Permafrost,Wetland,EcM,0.511509071,5.13,0.322816986,0.085223691,0.045540907,-4.9,490,11.0199003,1798.890015,100.7549973,16.7833004,-27.1333008,271,14,15.7666998,62.2999992,16.7833004,-27.1333008,105,4,271,14,0.404515,3.366812227,0.756026201
53.47,122.33,Permafrost,Wetland,EcM,0.998750945,4.99,0.322816986,0.085223691,0.045540907,-4.9,490,11.0199003,1798.890015,100.7549973,16.7833004,-27.1333008,271,14,15.7666998,62.2999992,16.7833004,-27.1333008,105,4,271,14,0.404515,3.366812227,0.756026201
53.47,122.33,Permafrost,Wetland,EcM,0.671291388,5.09,0.322816986,0.085223691,0.045540907,-4.9,490,11.0199003,1798.890015,100.7549973,16.7833004,-27.1333008,271,14,15.7666998,62.2999992,16.7833004,-27.1333008,105,4,271,14,0.404515,3.366812227,0.756026201
53.47,122.34,Permafrost,Wetland,EcM,1.011330216,4.98,0.322875,0.085239006,0.045540907,-4.9,490,11.0199003,1804.560059,100.4160004,16.8833008,-27.1833,271,14,15.8000002,62.4000015,16.8833008,-27.1833,105,4,271,14,0.401434,3.366812227,0.756026201
53.47,122.34,Permafrost,Wetland,EcM,0.642757282,5.09,0.322875,0.085239006,0.045540907,-4.9,490,11.0199003,1804.560059,100.4160004,16.8833008,-27.1833,271,14,15.8000002,62.4000015,16.8833008,-27.1833,105,4,271,14,0.401434,3.366812227,0.756026201
47.58,133.48,Seasonally frozen ground,Wetland,NM,1.237630689,6.1999998,1.97105,0.5952571,0.0263532,1.9,558,24.4498997,1564.98999,86.1194992,19.9167004,-18.7667007,338,27,10.6750002,53.0999985,19.9167004,-18.7667007,135,7,338,27,0.304471,2.060352423,0.547400881
52.93,122.87,Permafrost,Wetland,ErM,2.120402548,6,4.19226,1.24090896,0.039810584,-5.5,400,18.3852997,1726.839966,102.5009995,15.9499998,-26.2332993,300,14,15.5500002,60.0999985,15.9499998,-26.2332993,118,4,300,14,0.421577,3.402183406,0.741572052
52.94,122.86,Permafrost,Wetland,EcM,1.95273434,6.6999998,22.6,5.0172,2.93,-3.9,450,13.6177998,1736.969971,103.413002,16.2166996,-26.2166996,297,14,15.6000004,60.4000015,16.2166996,-26.2166996,116,4,297,14,0.393078,2.487336245,0.652576419
52.94,122.86,Permafrost,Wetland,EcM,1.931813704,6.6999998,13.5,2.997,1.56,-3.9,450,13.6177998,1736.969971,103.413002,16.2166996,-26.2166996,297,14,15.6000004,60.4000015,16.2166996,-26.2166996,116,4,297,14,0.393078,2.487336245,0.652576419
52.94,122.86,Permafrost,Wetland,EcM,1.94732587,6.6999998,16.5,3.663,1.31,-3.9,450,13.6177998,1736.969971,103.413002,16.2166996,-26.2166996,297,14,15.6000004,60.4000015,16.2166996,-26.2166996,116,4,297,14,0.393078,2.487336245,0.652576419
52.94,122.86,Permafrost,Wetland,EcM,1.891660091,6.6999998,10.2,2.2644,1.07,-3.9,450,13.6177998,1736.969971,103.413002,16.2166996,-26.2166996,297,14,15.6000004,60.4000015,16.2166996,-26.2166996,116,4,297,14,0.393078,2.487336245,0.652576419
47.58,133.52,Seasonally frozen ground,Wetland,AM,1.239559728,5.9,0.442911011,0.098326244,0.042700902,2.5,580,21.0009003,1566.76001,86.3098984,19.9832993,-18.75,340,27,10.7166996,53.0999985,19.9832993,-18.75,136,7,340,27,0.304837,1.891629956,0.558898678
45.38,127.53,Seasonally frozen ground,Forest,EcM,1.352505127,4.8,0.225442001,0.066730832,0.044728606,2.8,700,6.9309402,1465.689941,105.9449997,20.0832996,-16.1833,381,14,12,51.7999992,20.0832996,-16.1833,161,3,381,14,0.452064,4.101762115,0.746211454
45.38,127.53,Seasonally frozen ground,Forest,EcM,1.379991143,4.82,0.225442001,0.066730832,0.044728606,2.8,700,6.9309402,1465.689941,105.9449997,20.0832996,-16.1833,381,14,12,51.7999992,20.0832996,-16.1833,161,3,381,14,0.452064,4.101762115,0.746211454
45.38,127.53,Seasonally frozen ground,Forest,EcM,1.252616167,5.38,0.225442001,0.066730832,0.044728606,2.8,700,6.9309402,1465.689941,105.9449997,20.0832996,-16.1833,381,14,12,51.7999992,20.0832996,-16.1833,161,3,381,14,0.452064,4.101762115,0.746211454
45.38,127.53,Seasonally frozen ground,Forest,EcM,1.398610736,5.61,0.225442001,0.066730832,0.044728606,2.8,700,6.9309402,1465.689941,105.9449997,20.0832996,-16.1833,381,14,12,51.7999992,20.0832996,-16.1833,161,3,381,14,0.452064,4.101762115,0.746211454
45.38,127.53,Seasonally frozen ground,Forest,EcM,1.252616167,5.63,0.225442001,0.066730832,0.044728606,2.8,700,6.9309402,1465.689941,105.9449997,20.0832996,-16.1833,381,14,12,51.7999992,20.0832996,-16.1833,161,3,381,14,0.452064,4.101762115,0.746211454
45.38,127.53,Seasonally frozen ground,Forest,EcM,1.198263295,5.57,0.225442001,0.066730832,0.044728606,2.8,700,6.9309402,1465.689941,105.9449997,20.0832996,-16.1833,381,14,12,51.7999992,20.0832996,-16.1833,161,3,381,14,0.452064,4.101762115,0.746211454
45.38,127.53,Seasonally frozen ground,Forest,EcM,1.262701627,5.98,0.225442001,0.066730832,0.044728606,2.8,700,6.9309402,1465.689941,105.9449997,20.0832996,-16.1833,381,14,12,51.7999992,20.0832996,-16.1833,161,3,381,14,0.452064,4.101762115,0.746211454
45.38,127.53,Seasonally frozen ground,Forest,EcM,1.247484226,6.14,0.225442001,0.066730832,0.044728606,2.8,700,6.9309402,1465.689941,105.9449997,20.0832996,-16.1833,381,14,12,51.7999992,20.0832996,-16.1833,161,3,381,14,0.452064,4.101762115,0.746211454
45.38,127.53,Seasonally frozen ground,Forest,EcM,1.540478636,4.79,0.225442001,0.066730832,0.044728606,2.8,700,6.9309402,1465.689941,105.9449997,20.0832996,-16.1833,381,14,12,51.7999992,20.0832996,-16.1833,161,3,381,14,0.452064,4.101762115,0.746211454
45.38,127.53,Seasonally frozen ground,Forest,EcM,1.252616167,4.82,0.225442001,0.066730832,0.044728606,2.8,700,6.9309402,1465.689941,105.9449997,20.0832996,-16.1833,381,14,12,51.7999992,20.0832996,-16.1833,161,3,381,14,0.452064,4.101762115,0.746211454
45.38,127.53,Seasonally frozen ground,Forest,EcM,1.335921436,6.31,0.225442001,0.066730832,0.044728606,2.8,700,6.9309402,1465.689941,105.9449997,20.0832996,-16.1833,381,14,12,51.7999992,20.0832996,-16.1833,161,3,381,14,0.452064,4.101762115,0.746211454
45.38,127.53,Seasonally frozen ground,Forest,EcM,1.426835154,6.13,0.225442001,0.066730832,0.044728606,2.8,700,6.9309402,1465.689941,105.9449997,20.0832996,-16.1833,381,14,12,51.7999992,20.0832996,-16.1833,161,3,381,14,0.452064,4.101762115,0.746211454
45.38,127.53,Seasonally frozen ground,Forest,EcM,1.242290916,4.8,0.225442001,0.066730832,0.044728606,2.8,700,6.9309402,1465.689941,105.9449997,20.0832996,-16.1833,381,14,12,51.7999992,20.0832996,-16.1833,161,3,381,14,0.452064,4.101762115,0.746211454
45.38,127.53,Seasonally frozen ground,Forest,EcM,1.262701627,4.84,0.225442001,0.066730832,0.044728606,2.8,700,6.9309402,1465.689941,105.9449997,20.0832996,-16.1833,381,14,12,51.7999992,20.0832996,-16.1833,161,3,381,14,0.452064,4.101762115,0.746211454
45.38,127.53,Seasonally frozen ground,Forest,EcM,1.198263295,6.07,0.225442001,0.066730832,0.044728606,2.8,700,6.9309402,1465.689941,105.9449997,20.0832996,-16.1833,381,14,12,51.7999992,20.0832996,-16.1833,161,3,381,14,0.452064,4.101762115,0.746211454
45.38,127.53,Seasonally frozen ground,Forest,EcM,1.162107769,6.01,0.225442001,0.066730832,0.044728606,2.8,700,6.9309402,1465.689941,105.9449997,20.0832996,-16.1833,381,14,12,51.7999992,20.0832996,-16.1833,161,3,381,14,0.452064,4.101762115,0.746211454
48.2,122.95,Permafrost,Forest,EcM,0.920553232,6.1999998,0.306498993,0.07907674,0.036909044,-3,400,9.5033197,1450.170044,123.4789963,19.1667004,-16.5499992,330,7,13.4333,51.5999985,19.1667004,-16.5499992,148,2,330,7,0.330513,2.197356828,0.564317181
51.89,121.9,Permafrost,Forest,EcM,1.163852236,6.6999998,0.434451996,0.096448343,0.043304504,-3,400,6.1280398,1657.160034,106.5770035,14.7666998,-25.9167004,319,15,15.2166996,59.2000008,14.7666998,-25.9167004,127,4,319,15,0.375984,2.818777293,0.692969432
49.52,122.45,Permafrost,Forest,EcM,0.675140175,6.6999998,0.382412994,0.113194246,0.031431306,-3,400,4.8455901,1508.319946,121.4589996,16.1833,-20.8666992,347,9,14.3167,54.2999992,16.1833,-20.8666992,150,2,347,9,0.388062,3.4,0.728391304
51.05,123.93,Permafrost,Forest,EcM,1.163852236,6,0.247380997,0.054918581,0.043141442,-3,400,4.5174999,1548.280029,107.8740005,16,-21.8833008,343,13,14.7582998,55.7999992,16,-21.8833008,142,4,343,13,0.460914,3.7,0.740349345
50.15,121.81,Permafrost,Forest,EcM,0.776340817,6.6999998,0.429959015,0.110069508,0.037429427,-3,400,9.7727499,1574.699951,116.0759964,14,-24.6333008,350,11,15.8583002,57.5,14,-21.4500008,147,3,350,11,0.32009,2.837991266,0.656637555
47.53,120.64,Permafrost,Forest,EcM,0.804891467,6.1999998,0.229181,0.056836888,0.029903763,-3,400,7.6736002,1405.660034,113.7089996,14.2666998,-20.2332993,318,13,13.4917002,50.5,14.2666998,-20.2332993,141,4,318,13,0.380514,3.631277533,0.727268722
47.33,119.99,Permafrost,Forest,EcM,0.920553232,6.1999998,0.271235992,0.069978886,0.028189923,-3,400,14.2895002,1544.050049,107.737999,15.25,-22.6667004,281,16,14,55,15.25,-19.6333008,125,4,281,15,0.333288,2.810572687,0.679295154
50.83,121.19,Permafrost,Forest,EcM,0.675140175,6.6999998,0.439947998,0.130224607,0.02418581,-3,400,3.7051499,1602.390015,113.572998,14.3500004,-25.0499992,329,12,15.3167,57.5999985,14.3500004,-25.0499992,135,3,329,12,0.418363,2.764628821,0.654716157
50.94,121.51,Permafrost,Forest,EcM,0.675140175,6,0.255651993,0.07567299,0.038651578,-3,400,4.7972598,1597.550049,112.4980011,14.1000004,-25.1166992,338,10,15.4750004,57.7999992,14.1000004,-25.1166992,139,2,338,10,0.445067,3.425327511,0.718384279
50.67,119.8,Permafrost,Forest,EcM,0.785158931,6.5999999,0.412014008,0.121956146,0.046957209,-3,400,13.6337004,1709.25,117.5149994,16.1667004,-25.9333,292,9,13.7082996,57.9000015,16.1667004,-21.9167004,120,2,292,8,0.335694,2.623144105,0.671441048
47.61,122.02,Permafrost,Forest,EcM,0.804891467,6.1999998,0.301041992,0.074658414,0.041606452,-3,400,2.8889999,1379.040039,125.552002,18.1000004,-15.8332996,319,7,12.9333,48.7000008,18.1000004,-15.8332996,143,2,319,7,0.442389,2.566519824,0.679162996
50.99,122.43,Permafrost,Forest,EcM,0.675140175,6,0.244492996,0.072369927,0.029220495,-3,400,7.9183002,1588.199951,111.2320023,13.8000002,-25.1000004,355,12,15.7833004,57.9000015,13.8000002,-25.1000004,146,3,355,12,0.384287,2.107423581,0.578034934
51.89,121.9,Permafrost,Forest,EcM,0.675140175,6.6999998,0.434451996,0.128597791,0.032478378,-3,400,4.9176002,1657.160034,106.5770035,14.7666998,-25.9167004,319,15,15.2166996,59.2000008,14.7666998,-25.9167004,127,4,319,15,0.375984,3.121834061,0.707772926
50.92,121.51,Permafrost,Forest,EcM,0.675140175,6,0.255651993,0.07567299,0.038651578,-3,400,3.27455,1602.23999,112.1019974,14.2166996,-25.1166992,336,12,15.5,57.9000015,14.2166996,-25.1166992,138,3,336,12,0.412472,2.408296943,0.621266376
49.65,121.63,Permafrost,Forest,EcM,0.675140175,6.5999999,0.352414002,0.104314544,0.049862161,-3,400,10.9222002,1588.920044,119.0950012,15.0832996,-23.8666992,338,10,14.5583,56.2999992,15.0832996,-20.4666996,143,3,338,10,0.370542,3.159565217,0.696217391
50.37,120.87,Permafrost,Forest,EcM,0.776340817,6,0.249145004,0.063781121,0.058299998,-3,400,17.0198002,1694.030029,116.7779999,15.7166996,-25.8666992,309,11,14.7749996,58.5999985,15.7166996,-22.1667004,127,3,309,10,0.299392,2.313100437,0.618908297
47.95,121.24,Permafrost,Forest,EcM,1.163852236,6.1999998,0.272828003,0.060567817,0.019175826,-3,400,10.3202,1415.880005,120.4970016,16.1166992,-18.6667004,320,9,12.6583004,49.7000008,16.1166992,-15.8667002,141,2,320,9,0.341,2.165638767,0.631365639
52.77,120.06,Permafrost,Forest,EcM,0.985644689,6,0.251298996,0.063829945,0.036985828,-3,400,8.4425402,1781.930054,105.8399963,16.0333004,-27.6667004,269,13,17.6499996,63.9000015,16.0333004,-27.6667004,105,3,269,13,0.416763,3.5069869,0.747336245
50.94,122.09,Permafrost,Forest,EcM,0.675140175,6.6999998,0.453334015,0.134186868,0.029220495,-3,400,5.3215299,1598.790039,111.8639984,14.0667,-25.1000004,344,12,16.0499992,58.4000015,14.0667,-25.1000004,142,3,344,12,0.403256,2.324454148,0.598296943
48.12,128.63,Permafrost,Wetland,EcM,1.030194785,6.6999998,0.397799988,0.015912,0.246105003,0.4,630,7.3896298,1559.199951,102.6200027,18.4500008,-19.9666996,393,20,13.375,56,18.4500008,-19.9666996,154,6,393,20,0.41547,3.457268722,0.706387665
48.12,128.63,Permafrost,Wetland,EcM,1.093981704,6.6999998,0.397799988,0.015912,0.246105003,0.4,630,7.3896298,1559.199951,102.6200027,18.4500008,-19.9666996,393,20,13.375,56,18.4500008,-19.9666996,154,6,393,20,0.41547,3.457268722,0.706387665
48.12,128.63,Permafrost,Wetland,EcM,1.122019172,6.6999998,0.397799988,0.015912,0.246105003,0.4,630,7.3896298,1559.199951,102.6200027,18.4500008,-19.9666996,393,20,13.375,56,18.4500008,-19.9666996,154,6,393,20,0.41547,3.457268722,0.706387665
48.12,128.63,Permafrost,Wetland,EcM,1.224377652,6.6999998,0.397799988,0.023867999,0.164070002,0.4,630,7.3896298,1559.199951,102.6200027,18.4500008,-19.9666996,393,20,13.375,56,18.4500008,-19.9666996,154,6,393,20,0.41547,3.457268722,0.706387665
48.12,128.63,Permafrost,Wetland,EcM,1.15192118,6.6999998,0.397799988,0.015912,0.246105003,0.4,630,7.3896298,1559.199951,102.6200027,18.4500008,-19.9666996,393,20,13.375,56,18.4500008,-19.9666996,154,6,393,20,0.41547,3.457268722,0.706387665
48.12,128.63,Permafrost,Wetland,EcM,1.11320777,6.6999998,0.397799988,0.023867999,0.164070002,0.4,630,7.3896298,1559.199951,102.6200027,18.4500008,-19.9666996,393,20,13.375,56,18.4500008,-19.9666996,154,6,393,20,0.41547,3.457268722,0.706387665
48.12,128.63,Permafrost,Wetland,EcM,1.112605002,6.6999998,0.397799988,0.015912,0.246105003,0.4,630,7.3896298,1559.199951,102.6200027,18.4500008,-19.9666996,393,20,13.375,56,18.4500008,-19.9666996,154,6,393,20,0.41547,3.457268722,0.706387665
48.12,128.63,Permafrost,Wetland,EcM,1.218220304,6.6999998,0.397799988,0.031823999,0.123052502,0.4,630,7.3896298,1559.199951,102.6200027,18.4500008,-19.9666996,393,20,13.375,56,18.4500008,-19.9666996,154,6,393,20,0.41547,3.457268722,0.706387665
48.12,128.63,Permafrost,Wetland,EcM,1.151431144,6.6999998,0.397799988,0.015912,0.246105003,0.4,630,7.3896298,1559.199951,102.6200027,18.4500008,-19.9666996,393,20,13.375,56,18.4500008,-19.9666996,154,6,393,20,0.41547,3.457268722,0.706387665
48.12,128.63,Permafrost,Wetland,EcM,1.242789809,6.6999998,0.397799988,0.023867999,0.164070002,0.4,630,7.3896298,1559.199951,102.6200027,18.4500008,-19.9666996,393,20,13.375,56,18.4500008,-19.9666996,154,6,393,20,0.41547,3.457268722,0.706387665
51.37,125.47,Permafrost,Wetland,EcM,0.792593379,6.31,0.245169006,0.031381633,0.079378123,-3,440,4.8370099,1576.329956,103.0400009,16.4832993,-22.1166992,334,15,13.9167004,55.7999992,16.4832993,-22.1166992,136,4,334,15,0.48736,4.053275109,0.766375546
51.37,125.47,Permafrost,Wetland,EcM,0.416593914,6.72,0.245169006,0.051975829,0.047926414,-3,440,4.8370099,1576.329956,103.0400009,16.4832993,-22.1166992,334,15,13.9167004,55.7999992,16.4832993,-22.1166992,136,4,334,15,0.48736,4.053275109,0.766375546
51.37,125.47,Permafrost,Wetland,EcM,0.637393654,5.79,0.245169006,0.046091773,0.05404468,-3,440,4.8370099,1576.329956,103.0400009,16.4832993,-22.1166992,334,15,13.9167004,55.7999992,16.4832993,-22.1166992,136,4,334,15,0.48736,4.053275109,0.766375546
51.37,125.47,Permafrost,Wetland,EcM,0.416314248,6.94,0.245169006,0.055408195,0.044957521,-3,440,4.8370099,1576.329956,103.0400009,16.4832993,-22.1166992,334,15,13.9167004,55.7999992,16.4832993,-22.1166992,136,4,334,15,0.48736,4.053275109,0.766375546
50.37,127.34,Permafrost,Forest,EcM,0.801176015,6.1,0.266244995,0.072418639,0.047283332,-0.5,566.9,26.6973,1626.609985,98.9324036,18.8999996,-21.0832996,333,17,12.2582998,55.7000008,18.8999996,-21.0832996,129,4,333,17,,1.396086957,0.486521739
50.25,127.53,Permafrost,Grassland,NM,0.940941554,6,0.283925995,0.074956468,0.051783076,-0.5,520,16.6912994,1625.109985,96.7558975,19.8833008,-20.1499996,337,20,11.5333004,55.2000008,19.8833008,-20.1499996,130,5,337,20,0.186295,0.555652174,0.254086957
46.59,123.92,Seasonally frozen ground,Grassland,AM,1.030798763,5.1,0.112158997,0.034769289,0.030244946,3.6,400,6.3424001,1507.459961,120.5370026,22.0832996,-15.1332998,297,6,11.7582998,52,22.0832996,-15.1332998,137,1,297,6,0.314411,1.346696035,0.500660793
50.25,127.53,Permafrost,Wetland,AM,1.61979524,5.8,0.283925995,0.074956468,0.051783076,-0.5,519.9,16.6912994,1625.109985,96.7558975,19.8833008,-20.1499996,337,20,11.5333004,55.2000008,19.8833008,-20.1499996,130,5,337,20,0.186295,0.555652174,0.254086957
48.88,124.88,Seasonally frozen ground,Grassland,NM,0.706046161,5.9,0.272572998,0.080681607,0.036216216,0.9,477,21.3197994,1611.599976,118.5360031,19.3833008,-20.2667007,338,8,13.3000002,55.7999992,19.3833008,-16.0832996,150,2,338,8,0.34249,2.797356828,0.663876652
51.73,126.67,Permafrost,Forest,EcM,1.163703614,5.9,0.269118988,0.073200365,0.054799019,-1,469,17.8374004,1702.680054,98.8163986,18.8999996,-22.8500004,302,15,13.0082998,58.0999985,18.8999996,-22.8500004,118,4,302,15,0.226952,2.421834061,0.619257642
47.66,127.56,Seasonally frozen ground,Forest,EcM,1.20370413,6.4,0.293792999,0.086962728,0.052644596,1.3,560,18.2049007,1566.869995,107.4779968,19.2667007,-19.3999996,373,17,11.9167004,54.2000008,19.2667007,-19.3999996,156,5,373,17,0.368961,2.392070485,0.594537445
51.73,126.67,Permafrost,Forest,EcM,0.534491376,5.7,0.269118988,0.073200365,0.054799019,-1,469.9,17.8374004,1702.680054,98.8163986,18.8999996,-22.8500004,302,15,13.0082998,58.0999985,18.8999996,-22.8500004,118,4,302,15,0.226952,2.421834061,0.619257642
52.33,124.71,Permafrost,Forest,EcM,1.211599963,5.1,0.298377991,0.078771796,0.055431815,1,1000,15.1943998,1674.979981,98.7535019,17.2999992,-23.6667004,313,17,14.2250004,58.0999985,17.2999992,-23.6667004,126,5,313,17,0.254533,,
48.54,125.44,Seasonally frozen ground,Forest,EcM,0.99997988,6.8,0.259076996,0.068396332,0.044265402,0.9,477,15.3852997,1630.380005,115.2210007,19.9333,-20.3167,332,10,12.2166996,55.5999985,19.9333,-20.3167,147,3,332,10,0.289258,1.976651982,0.584096916
47.66,127.56,Seasonally frozen ground,Forest,EcM,1.20370413,6.4,0.293792999,0.086962728,0.052644596,1.3,560,18.2049007,1566.869995,107.4779968,19.2667007,-19.3999996,373,17,11.9167004,54.2000008,19.2667007,-19.3999996,156,5,373,17,0.368961,2.392070485,0.594537445
46.33,133.23,Seasonally frozen ground,Forest,EcM,0.739225312,5.4,0.425790985,0.094525599,0.028161922,2.8,592,6.0605402,1453.040039,79.4248962,19.3500004,-16.4666996,330,30,10.5832996,49.7000008,19.3500004,-16.4666996,129,8,330,30,0.478229,3.964757709,0.725682819
45.29,125.91,Seasonally frozen ground,Grassland,,0.316738754,8,0.386505005,0.110540424,0.03607716,3.5,486,10.6000996,1513.900024,112.9079971,22.1333008,-15.1999998,355,11,11.8500004,52.2999992,22.1333008,-15.1999998,161,3,355,11,0.326642,2.440088106,0.599559471
44.35,131.05,Seasonally frozen ground,Forest,EcM,0.938904966,6.5,0.299592011,0.088679235,0.031163289,2.2,594,9.1288099,1322.310059,87.9054031,18.9666996,-13.6833,332,22,11.8332996,47,18.9666996,-13.6833,122,5,332,22,0.342232,1.289867841,0.442334802
45.39,131.57,Seasonally frozen ground,Forest,EcM,0.628922061,6.4,0.290593994,0.081366318,0.021920763,3.1,554.8,14.6784,1419.439941,85.0860977,20.25,-14.7833004,309,23,11.7833004,49.7999992,20.25,-14.7833004,116,5,309,23,0.323684,2.799559471,0.61814978
45.9,128.16,Seasonally frozen ground,Forest,EcM,1.272180948,6.5,0.237026001,0.070159696,0.031751351,3.9,563,16.5622005,1540.550049,104.961998,20.9666996,-17.2000008,364,16,12.4333,54.2999992,20.9666996,-17.2000008,150,4,364,16,0.322507,1.911453744,0.560969163
48.55,125.44,Seasonally frozen ground,Grassland,,0.769397923,6.1,0.259019013,0.068381024,0.044265402,0.9,477,13.8015003,1631.130005,115.1650009,19.9167004,-20.3332996,334,10,12.25,55.5999985,19.9167004,-20.3332996,148,3,334,10,0.279443,1.720704846,0.540572687
45.51,128.48,Seasonally frozen ground,Grassland,AM,0.72437092,6.8,0.233216003,0.063434753,0.034552941,2.3,581,16.5746002,1512.900024,101.1989975,20.8167,-16.6833,358,15,12.6917,53.7000008,20.8167,-16.6833,145,4,358,15,0.311892,3.030396476,0.63339207
47.71,123.25,Seasonally frozen ground,Forest,EcM,0.979047433,6,0.281,0.083176,0.040773873,2.7,504,10.6652002,1475.650024,122.564003,20.6333008,-15.6999998,313,6,13.0417004,51.7000008,20.6333008,-15.6999998,142,1,313,6,0.322691,2.008370044,0.558325991
46.29,123.74,Seasonally frozen ground,Grassland,AM,0.217728153,6,0.273554993,0.072765628,0.036982206,4.3,380,6.8610601,1465.560059,122.8180008,22.1333008,-14.0333004,292,5,11.3583002,50.7000008,22.1333008,-14.0333004,134,1,292,5,0.307246,2.027753304,0.559295154
45.39,125.97,Seasonally frozen ground,Grassland,,0.727514839,6.9,0.26777301,0.079260811,0.034858334,3.5,486.1,13.7524004,1530.23999,113.2990036,22,-15.6999998,354,10,12.0166998,52.5999985,22,-15.6999998,159,2,354,10,0.33761,2.854625551,0.63030837
45.39,131.57,Seasonally frozen ground,Forest,EcM,1.064318982,6,0.290593994,0.081366318,0.021920763,3.1,554,14.6784,1419.439941,85.0860977,20.25,-14.7833004,309,23,11.7833004,49.7999992,20.25,-14.7833004,116,5,309,23,0.323684,2.799559471,0.61814978
45.53,131.85,Seasonally frozen ground,Forest,EcM,0.685170018,6.8,0.244432999,0.066485776,0.045557845,3.1,554.8,9.28374,1414.729981,84.7479019,20.5167007,-14.3667002,309,24,11.5249996,49.5999985,20.5167007,-14.3667002,118,6,309,24,0.264819,1.002643172,0.403876652
45.71,127.35,Seasonally frozen ground,Grassland,NM,0.979829241,6.2,0.277833008,0.08223857,0.038893244,3.9,564,14.5531998,1490.729981,108.4120026,21.1000004,-15.7833004,362,12,12.1083002,52.2000008,21.1000004,-15.7833004,154,3,362,12,0.357383,2.422907489,0.61339207
47.74,128.9,Seasonally frozen ground,Forest,EcM,1.131027402,6.6,0.285931,0.07548579,0.015109267,0.4,566,11.1245003,1567.150024,105.125,19.3500004,-19.3833008,410,21,13.7417002,56.9000015,19.3500004,-19.3833008,159,6,410,21,0.230204,,
45.38,125.77,Seasonally frozen ground,Grassland,,0.454579643,6.9,0.240932999,0.063606316,0.039083584,3.5,486.1,13.1906004,1515.189941,113.8909988,22.2000008,-15.1167002,348,10,11.8667002,52.0999985,22.2000008,-15.1167002,158,2,348,10,0.329959,2.429515419,0.618325991
45.55,131.95,Seasonally frozen ground,Forest,EcM,0.675663532,6,0.284179993,0.084117278,0.041863966,3.1,554,16.1422005,1424.25,83.3677979,20.3167,-14.8167,302,24,11.5166998,50,20.3167,-14.8167,116,5,302,24,0.30086,2.264757709,0.575330396
49.44,127.5,Permafrost,Forest,EcM,1.099265531,5.4,0.303406006,0.089808178,0.043715314,-1.6,583.1,19.2936001,1638.160034,100.2480011,18.7332993,-21.5,337,17,13.7749996,57.5,18.7332993,-17.3999996,135,4,337,17,0.299923,2.203964758,0.590440529
45.51,131.8,Seasonally frozen ground,Grassland,AM,1.028620311,6,0.244485992,0.06650019,0.045557845,3.1,544.8,11.0254002,1410.160034,83.6858978,20.2833004,-14.5,309,25,11.4750004,49.4000015,20.2833004,-14.5,116,6,309,25,0.269517,0.981497797,0.398590308
48.04,123.67,Seasonally frozen ground,Grassland,AM,0.722255861,7.5,0.387513001,0.11082871,0.036688114,2.7,450,9.8246698,1516.550049,120.5970001,20.3500004,-17.0167007,317,8,13.25,53.2999992,20.3500004,-13.1000004,144,2,317,8,0.292438,1.573127753,0.503920705
48.43,124.31,Seasonally frozen ground,Grassland,AM,0.794661075,6.7,0.298562988,0.088374645,0.032351578,2.7,,15.1033001,1571.27002,118.4599991,20.0667,-18.7000008,325,9,13.2333002,55,20.0667,-18.7000008,147,2,325,9,0.292755,1.72246696,0.54722467
45.52,125.31,Seasonally frozen ground,Grassland,AM,0.733651492,8.2,0.266015991,0.070760254,0.055244862,3.9,429,7.4878702,1502.359985,116.6259995,22.0667,-15.0166998,332,9,11.4666996,52,22.0667,-15.0166998,153,2,332,9,0.289395,1.682378855,0.51845815
47.22,124.93,Seasonally frozen ground,Grassland,AM,0.920738135,8.2,0.344937012,0.091753245,0.020785838,2.4,440,13.8786001,1558.089966,118.9110031,21.3999996,-17.1499996,313,6,11.8416996,53,21.3999996,-17.1499996,143,1,313,6,0.307143,2.250660793,0.571013216
47.74,128.9,Seasonally frozen ground,Forest,EcM,1.131027402,6.6,0.285931,0.07548579,0.015109267,0.4,566,11.1245003,1567.150024,105.125,19.3500004,-19.3833008,410,21,13.7417002,56.9000015,19.3500004,-19.3833008,159,6,410,21,0.230204,,
42.89,129.25,Seasonally frozen ground,Forest,EcM,0.652708399,5.6,0.272520996,0.073580669,0.022448617,5.2,502,4.5121598,1268.939941,95.2743988,20.0832996,-11.2666998,336,17,12.8249998,46.2999992,20.0832996,-11.2666998,126,4,336,17,0.314547,1.386784141,0.471806167
42.05,127.79,Seasonally frozen ground,Forest,,1.359100028,4.7,0.243304001,0.066178688,0.037656618,2,678,6.44315,1281.599976,98.0008011,16.6333008,-15.1000004,470,22,12.8000002,48,16.6333008,-15.1000004,183,5,470,22,0.541445,3.844933921,0.717577093
42.81,129.81,Seasonally frozen ground,Forest,,0.995176933,6,0.278342011,0.082389235,0.031694369,5.4,542,8.3305101,1218.880005,93.3965988,19.8833008,-10.1667004,333,16,11.6999998,44.0999985,19.8833008,-10.1667004,136,4,333,16,,1.887665198,0.512334802
43.77,123.71,Seasonally frozen ground,Grassland,,0.227284086,7.5,0.142546005,0.046184906,0.027162962,5.6,463,7.6163702,1395.76001,116.8710022,22.9167004,-11.5333004,331,8,12.0667,49.0999985,22.9167004,-11.5333004,147,2,331,8,0.338388,2.17753304,0.576784141
42.34,128.15,Seasonally frozen ground,Forest,,0.866417559,6,0.242362,0.065922464,0.036449019,3.6,594,3.61394,1258.900024,97.0746994,17.2833004,-13.8832998,427,21,12.3000002,46.7000008,17.2833004,-13.8832998,162,5,427,21,0.490884,4.2,0.767973568
43.06,128.82,Seasonally frozen ground,Forest,,0.511216254,5.7,0.321777008,0.095245994,0.011793918,3.6,594,7.57336,1287.400024,96.2998962,19.0167007,-12.7833004,363,19,12.1917,46.7000008,19.0167007,-12.7833004,134,5,363,19,0.396082,1.846255507,0.564052863
42.81,129.81,Seasonally frozen ground,Forest,,0.947404151,6.1,0.278342011,0.082389235,0.031694369,5.5,443.8,8.3305101,1218.880005,93.3965988,19.8833008,-10.1667004,333,16,11.6999998,44.0999985,19.8833008,-10.1667004,136,4,333,16,,1.887665198,0.512334802
42.3,127.08,Seasonally frozen ground,Forest,,1.077987228,5.5,0.322154999,0.09535788,0.053096621,4,760,10.6859999,1346.459961,96.1608963,20.1833,-13.3000002,473,30,12.5749998,49.7000008,20.1833,-13.3000002,189,8,473,30,0.355144,2.181497797,0.573920705
42.46,128.14,Seasonally frozen ground,Forest,EcM,1.302940311,5.3,0.328039002,0.097099544,0.033493693,3.6,595,5.9605398,1295.920044,95.2278976,17.9832993,-14.1332998,416,26,12.6583004,47.9000015,17.9832993,-14.1332998,158,7,416,26,0.41329,3.042731278,0.679779736
42.27,126.92,Seasonally frozen ground,Forest,,1.298082736,5.3,0.203647995,0.061501694,0.0334766,2.5,767,11.5958996,1343.290039,97.5966034,19.6499996,-13.75,493,30,12.7333002,49.9000015,19.6499996,-13.75,198,8,493,30,0.377559,2.460792952,0.635330396
42.91,126.11,Seasonally frozen ground,Forest,EcM,0.738545133,5.6,0.326946991,0.096776309,0.034416441,4.1,737,11.1855001,1419.48999,99.6502991,20.8500004,-14.4833002,466,26,12.5667,51.7000008,20.8500004,-14.4833002,196,7,466,26,0.324713,2.278414097,0.579559471
42.06,127.79,Seasonally frozen ground,Forest,EcM,1.103287691,4.6,0.245110001,0.06666992,0.037656618,1.5,1000,7.7747102,1281.829956,98.4794998,16.7166996,-15.0166998,469,22,12.7666998,48,16.7166996,-15.0166998,183,5,469,22,0.559276,3.844933921,0.718810573
42.77,126.3,Seasonally frozen ground,Forest,EcM,0.315400434,5,0.281062012,0.075886743,0.037730617,4.1,737,13.3978996,1439.660034,99.1029968,21.1333008,-14.7666998,466,26,12.6917,52.7999992,21.1333008,-14.7666998,193,7,466,26,0.307301,2.469162996,0.594845815
45.05,125.9,Seasonally frozen ground,Grassland,,1.231703698,5.2,0.296436005,0.087745057,0.034858334,3.8,423,14.2004004,1497.459961,112.3840027,21.8500004,-14.9833002,368,11,11.8583002,51.2999992,21.8500004,-14.9833002,166,3,368,11,0.328069,2.683259912,0.611674009
45.7,122.07,Seasonally frozen ground,Grassland,,0.520782835,7.8,0.308942993,0.082178836,0.031570176,4.9,377.9,2.68453,1365.609985,128.9579926,21.3167,-12.3000002,306,5,13.2333002,48.7999992,21.3167,-12.3000002,140,1,306,5,0.329326,1.36123348,0.472290749
45.58,122.09,Seasonally frozen ground,Grassland,,0.368875537,7.5,0.294438995,0.085387309,0.028957472,4.6,378,1.79821,1360.550049,127.552002,21.5499992,-11.8999996,309,5,13.2250004,48.5,21.5499992,-11.8999996,141,1,309,5,0.285716,1.418061674,0.460044053
41.42,124.8,Seasonally frozen ground,Forest,,0.452238394,6.4,0.333167999,0.098617728,0.032481305,4.8,790,5.2774501,1300.099976,100.4110031,20.4666996,-11.8832998,567,36,12.5166998,48.0999985,20.4666996,-11.8832998,234,10,567,36,0.433545,2.828193833,0.64660793
41.32,124.72,Seasonally frozen ground,Forest,,0.783757712,5.8,0.328216003,0.097151937,0.032481305,5,810,4.1897998,1279.119995,102.0910034,20.1333008,-11.6499996,579,34,12.125,47.0999985,20.1333008,-11.6499996,240,9,579,34,0.448471,3.092511013,0.65907489
40.81,123.32,Seasonally frozen ground,Forest,EcM,0.670917097,5.6,0.225597,0.066776712,0.040635809,7.2,810,2.9588201,1215.689941,105.0970001,21.5167007,-8.5,503,27,10.3249998,43.2000008,21.5167007,-8.5,213,7,503,27,0.433868,3.528634361,0.71722467
42.3,125.23,Seasonally frozen ground,Forest,EcM,0.717859636,5,0.221451004,0.060234673,0.042437254,4.9,800,9.9042597,1378.619995,99.5991974,21.1499996,-13.1667004,497,26,13.1750002,51.2999992,21.1499996,-13.1667004,202,7,497,26,0.272967,1.575330396,0.483964758
41.51,122.47,Seasonally frozen ground,Forest,AM,-0.095652281,7,0.279559998,0.074362959,0.021711753,8.2,610,0.957,1255.650024,105.3010025,23.1833,-7.75,381,15,10.8999996,44.0999985,23.1833,-7.75,164,4,381,15,0.332768,1.517621145,0.508237885
41.45,122.47,Seasonally frozen ground,Forest,EcM,-0.449927789,7.5,0.273881989,0.072852609,0.022494385,8.2,620,1.36589,1250.579956,106.4869995,23.1667004,-7.6500001,386,15,10.8500004,43.9000015,23.1667004,-7.6500001,166,4,386,15,0.361601,1.801762115,0.57123348
38.89,121.68,Seasonally frozen ground,Forest,EcM,0.573210943,6.4,,,,10.3,650,2.0491099,998.6140137,99.3197021,22.6166992,-1.7,376,27,6.5583301,33.2999992,22.4832993,-1.7,164,8,385,27,0.540936,1.807017544,0.481929825
41.21,119.57,Seasonally frozen ground,Grassland,AM,0.914722239,7.9,0.166744003,0.050690177,0.015444035,8.2,490,0.836051,1191.51001,120.7480011,22,-7.3166699,347,7,12.7666998,44,22,-7.3166699,155,2,347,7,0.36221,1.366519824,0.500396476
40.18,123.53,Seasonally frozen ground,Wetland,AM,0.438947787,6.2,0.251326996,0.062329095,0.041983064,7.7,900,0.905568,1160.780029,103.3529968,22.6000004,-6.0166702,527,34,10.1332998,41.5,22.6000004,-6.0166702,231,11,527,34,0.472505,2,0.594140969
42.17,124.11,Seasonally frozen ground,Forest,,0.497205539,6.4,0.338777008,0.100277994,0.036295045,6.5,790,7.1441002,1321.25,102.598999,22.4500008,-10.3167,443,19,12.0166998,48,22.4500008,-10.3167,182,5,443,19,0.330155,1.830837004,0.537004405
40.78,122.1,Seasonally frozen ground,Wetland,AM,0.362909114,8.5,0.138302002,0.039277769,0.020438051,9,670,5.0243902,1196.849976,108.0790024,23.1833,-6.3000002,392,18,9.0749998,41.2999992,23.1833,-6.3000002,171,6,392,18,0.266598,1.430837004,0.484361233
42.3,125.23,Seasonally frozen ground,Forest,EcM,0.719169726,6,0.221451004,0.060234673,0.042437254,4.8,810,9.9042597,1378.619995,99.5991974,21.1499996,-13.1667004,497,26,13.1750002,51.2999992,21.1499996,-13.1667004,202,7,497,26,0.272967,1.575330396,0.483964758
41.76,120.78,Seasonally frozen ground,Grassland,AM,0.589978094,7.8,0.204781006,0.056519558,0.025727537,8.2,505,0.717643,1261.890015,119.5169983,23.2667007,-7.78333,333,7,12.5916996,45.5999985,23.2667007,-7.78333,151,2,333,7,0.325201,1.45154185,0.516211454
41.21,123.11,Seasonally frozen ground,Forest,AM,0.380882485,6.8,0.358013001,0.105971848,0.028451801,8.4,740,3.4782701,1247.699951,104.6750031,23.2667007,-7.5500002,437,20,10.6416998,44.0999985,23.2667007,-7.5500002,184,5,437,20,0.340262,1.175330396,0.448105727
41.28,121.64,Seasonally frozen ground,Wetland,AM,0.335124995,7.7,0.331910004,0.098245361,0.035165765,8.3,630,0.980552,1237.359985,110.822998,23.4167004,-7.0999999,367,10,10.9083004,43.2999992,23.4167004,-7.0999999,162,3,367,10,0.312287,1.578854626,0.509030837
42.01,119.83,Seasonally frozen ground,Grassland,,0.350432414,8.4,0.130169998,0.036707939,0.031676597,6,420,3.56532,1250.290039,116.4860001,20.9666996,-9.7333298,312,8,12.9417,45.5,20.9666996,-9.7333298,140,2,312,8,0.334419,1.527312775,0.515462555
42.72,122.69,Seasonally frozen ground,Forest,EcM,-0.044751014,7.2,0.137046997,0.044403227,0.031629013,6.5,480,3.17504,1319.099976,110.5579987,22.5333004,-10,344,8,12.0166998,47,22.5333004,-10,152,2,344,8,0.355526,1.434801762,0.500837004
42.08,119.71,Seasonally frozen ground,Grassland,AM,0.353590933,8.1,0.207207993,0.057189406,0.032365218,6,390,2.6170299,1261.949951,114.2480011,21.6000004,-9.3833303,298,8,13.1083002,45.9000015,21.6000004,-9.3833303,133,2,298,8,0.304474,1.660352423,0.52092511
41.37,119.59,Seasonally frozen ground,Forest,EcM,-0.024776168,8.8,0.194580994,0.053704354,0.017010821,7.9,470,1.82436,1220.540039,119.3330002,22.2999992,-7.7333298,337,7,13,45,22.2999992,-7.7333298,150,2,337,7,0.262883,0.854185022,0.362731278
41.59,121.8,Seasonally frozen ground,Wetland,AM,0.841135815,7,0.341834015,0.101182868,0.02409482,8.3,600,0.800079,1251.449951,110.1729965,23.3167,-7.53333,359,9,11.4167004,44,23.3167,-7.53333,157,2,359,9,0.289208,0.916740088,0.387048458
41.28,121.64,Seasonally frozen ground,Wetland,AM,0.775083924,8,0.331910004,0.098245361,0.035165765,8.3,620,0.980552,1237.359985,110.822998,23.4167004,-7.0999999,367,10,10.9083004,43.2999992,23.4167004,-7.0999999,162,3,367,10,0.312287,1.578854626,0.509030837
52.9,122.9,Permafrost,Wetland,ErM,2.03537754,5.57,0.23642,0.05248524,0.053080779,-4,425,11.8238001,1744.329956,101.1340027,16.0667,-26.5499992,297,17,15.8249998,60.7999992,16.0667,-26.5499992,116,5,297,17,0.375928,3.252838428,0.724672489
42.35,126.38,Seasonally frozen ground,Wetland,AM,1.942510055,5.66,0.20603,0.06098488,0.032914864,4.1,704.2,16.6910992,1368.170044,98.2027969,19.6833,-14.3667002,510,30,12.5583,50.2999992,19.6833,-14.3667002,210,8,510,30,0.345217,2.542731278,0.615198238
52.9,122.9,Permafrost,Wetland,ErM,1.863284783,6.6999998,5.2096,1.1565312,0.153,-4,425,11.8238001,1744.329956,101.1340027,16.0667,-26.5499992,297,17,15.8249998,60.7999992,16.0667,-26.5499992,116,5,297,17,0.375928,3.252838428,0.724672489
48.2,128.9,Permafrost,Wetland,EcM,1.860989259,6,2.5147,0.7443512,0.0376,-0.5,380,6.4522901,1525.390015,105.9380035,17.9333,-19.6166992,403,15,13.0667,54.7000008,17.9333,-19.6166992,156,4,403,15,0.608786,3.767400881,0.710704846
47.6,133.5,Seasonally frozen ground,Wetland,NM,1.010206641,6.1999998,1.9973,0.6031846,0.2496,1.9,625,23.2823009,1564.219971,86.202301,19.9333,-18.7332993,339,27,10.6917,53,19.9333,-18.7332993,135,7,339,27,0.313394,2.154625551,0.57753304
51.94,123.59,Permafrost,Forest,EcM,1.344917433,6.6999998,0.377871002,0.083887362,0.043312313,-2.12,490,10.4316998,1649.23999,102.2570038,15.6499996,-24.7833004,322,17,14.7917004,58.5,15.6499996,-24.7833004,129,5,322,17,0.343653,1.995196507,0.577030568
52.16,124.81,Permafrost,Forest,EcM,1.297243897,7.0999999,0.314644989,0.083066283,0.055431815,-2.12,490,6.6303,1635.829956,99.7966003,16.6667004,-23.2833004,317,16,13.8583002,56.7000008,16.6667004,-23.2833004,128,4,317,16,0.467652,3.926637555,0.774017467
52.19,125.97,Permafrost,Forest,,1.178734135,6.6999998,0.40110199,0.089044642,0.04623003,-2.12,490,14.4966002,1681.369995,97.1400986,17.9167004,-23.2166996,302,18,13.5249996,57.7999992,17.9167004,-23.2166996,122,5,302,18,0.345834,2.691703057,0.667641921
52.93,122.87,Permafrost,Wetland,ErM,2.017710978,5.91,0.253675995,0.075088094,0.039810584,-4.3,465,18.3852997,1726.839966,102.5009995,15.9499998,-26.2332993,300,14,15.5500002,60.0999985,15.9499998,-26.2332993,118,4,300,14,0.421577,3.402183406,0.741572052
47.48,133.35,Seasonally frozen ground,Wetland,AM,1.799059201,5.68,0.442053986,0.098135985,0.070646847,2.5,558,23.7320004,1565.02002,86.8639984,20.0499992,-18.6333008,337,25,10.875,53.2000008,20.0499992,-18.6333008,133,7,337,25,0.30483,2.457709251,0.574933921
52.94,122.86,Permafrost,Wetland,ErM,1.871618114,5.87,0.426221985,0.094621281,0.053080779,-3.9,450,13.6177998,1736.969971,103.413002,16.2166996,-26.2166996,297,14,15.6000004,60.4000015,16.2166996,-26.2166996,116,4,297,14,0.393078,2.487336245,0.652576419
52.94,122.86,Permafrost,Wetland,EcM,2.015530338,5.92,0.426221985,0.094621281,0.053080779,-3.9,450,13.6177998,1736.969971,103.413002,16.2166996,-26.2166996,297,14,15.6000004,60.4000015,16.2166996,-26.2166996,116,4,297,14,0.393078,2.487336245,0.652576419
49.45,123.31,Permafrost,Forest,EcM,1.280027168,6,0.247705994,0.073320974,0.033187838,-1.1,480,2.34165,1466.189941,118.939003,16.7667007,-19.1333008,357,9,14.3167,53.2999992,16.7667007,-19.1333008,156,2,357,9,0.470239,4.270484582,0.792026432
49.45,123.31,Permafrost,Forest,EcM,1.033346541,6,0.247705994,0.073320974,0.033187838,-1.1,480,2.34165,1466.189941,118.939003,16.7667007,-19.1333008,357,9,14.3167,53.2999992,16.7667007,-19.1333008,156,2,357,9,0.470239,4.270484582,0.792026432
51.58,122.63,Permafrost,Forest,EcM,1.848227998,6,0.245315002,0.072613241,0.033027703,-5.3,450,9.0860205,1610.689941,107.1849976,13.7166996,-25.7667007,350,15,15.875,58.7000008,13.7166996,-25.7667007,141,4,350,15,0.346361,2.429694323,0.615458515
51.58,122.63,Permafrost,Forest,EcM,1.510475732,6,0.245315002,0.072613241,0.033027703,-5.3,450,9.0860205,1610.689941,107.1849976,13.7166996,-25.7667007,350,15,15.875,58.7000008,13.7166996,-25.7667007,141,4,350,15,0.346361,2.429694323,0.615458515
52.94,122.87,Permafrost,Wetland,EcM,1.14850394,4.88,0.72449,0.02318368,0.368247906,-3.9,450,15.8376999,1731.280029,103.6399994,16.0832996,-26.2000008,298,14,15.5583,60.2000008,16.0832996,-26.2000008,117,4,298,14,0.396081,2.931004367,0.695283843
52.94,122.87,Permafrost,Wetland,EcM,1.14690287,5.04,0.43966,0.01494844,0.346586265,-3.9,450,15.8376999,1731.280029,103.6399994,16.0832996,-26.2000008,298,14,15.5583,60.2000008,16.0832996,-26.2000008,117,4,298,14,0.396081,2.931004367,0.695283843
53.47,122.33,Permafrost,Wetland,EcM,1.082785087,4.81,0.322816986,0.085223691,0.045540907,-3.3,442.95,11.0199003,1798.890015,100.7549973,16.7833004,-27.1333008,271,14,15.7666998,62.2999992,16.7833004,-27.1333008,105,4,271,14,0.404515,3.366812227,0.756026201
53.38,122.27,Permafrost,Forest,EcM,0.981770601,5.5,0.267941986,0.054124281,0.059518814,-3.3,442.9,17.1676998,1675.359985,102.5469971,15.5,-25.4500008,293,14,14.875,58.4000015,15.5,-25.4500008,114,4,293,14,0.393888,3.125327511,0.727641921
53.38,122.27,Permafrost,Forest,EcM,1.011824096,5.79,0.267941986,0.053588397,0.060114002,-3.3,442.9,17.1676998,1675.359985,102.5469971,15.5,-25.4500008,293,14,14.875,58.4000015,15.5,-25.4500008,114,4,293,14,0.393888,3.125327511,0.727641921
53.38,122.27,Permafrost,Forest,EcM,0.949202585,5.58,0.267941986,0.055731933,0.057801925,-3.3,442.9,17.1676998,1675.359985,102.5469971,15.5,-25.4500008,293,14,14.875,58.4000015,15.5,-25.4500008,114,4,293,14,0.393888,3.125327511,0.727641921
53.38,122.27,Permafrost,Forest,EcM,0.991443169,5.52,0.267941986,0.056267817,0.057251431,-3.3,442.9,17.1676998,1675.359985,102.5469971,15.5,-25.4500008,293,14,14.875,58.4000015,15.5,-25.4500008,114,4,293,14,0.393888,3.125327511,0.727641921
53.38,122.27,Permafrost,Forest,EcM,0.804570104,4.7,0.267941986,0.038583646,0.08349167,-3.3,442.9,17.1676998,1675.359985,102.5469971,15.5,-25.4500008,293,14,14.875,58.4000015,15.5,-25.4500008,114,4,293,14,0.393888,3.125327511,0.727641921
53.38,122.27,Permafrost,Forest,EcM,0.805084715,4.58,0.267941986,0.036975994,0.087121742,-3.3,442.9,17.1676998,1675.359985,102.5469971,15.5,-25.4500008,293,14,14.875,58.4000015,15.5,-25.4500008,114,4,293,14,0.393888,3.125327511,0.727641921
53.56,122.34,Permafrost,Wetland,AM,1.360029639,6.1999998,0.349756012,0.086739491,0.037940861,-3,450,9.8579197,1742.390015,99.5912018,16.5832996,-25.9832993,273,15,15.6917,60.7999992,16.5832996,-25.9832993,107,4,273,15,0.429068,,
53.56,122.34,Permafrost,Wetland,AM,1.246260195,6.1999998,0.349756012,0.086739491,0.037940861,-3,450,9.8579197,1742.390015,99.5912018,16.5832996,-25.9832993,273,15,15.6917,60.7999992,16.5832996,-25.9832993,107,4,273,15,0.429068,,
53.56,122.34,Permafrost,Forest,EcM,1.095674165,6.1999998,0.349756012,0.086739491,0.037940861,-3,450,9.8579197,1742.390015,99.5912018,16.5832996,-25.9832993,273,15,15.6917,60.7999992,16.5832996,-25.9832993,107,4,273,15,0.429068,,
53.56,122.34,Permafrost,Forest,EcM,1.009454295,6.1999998,0.349756012,0.086739491,0.037940861,-3,450,9.8579197,1742.390015,99.5912018,16.5832996,-25.9832993,273,15,15.6917,60.7999992,16.5832996,-25.9832993,107,4,273,15,0.429068,,
53.56,122.34,Permafrost,Forest,EcM,1.079745462,6.1999998,0.349756012,0.086739491,0.037940861,-3,450,9.8579197,1742.390015,99.5912018,16.5832996,-25.9832993,273,15,15.6917,60.7999992,16.5832996,-25.9832993,107,4,273,15,0.429068,,
53.56,122.34,Permafrost,Forest,EcM,0.984847628,6.1999998,0.349756012,0.086739491,0.037940861,-3,450,9.8579197,1742.390015,99.5912018,16.5832996,-25.9832993,273,15,15.6917,60.7999992,16.5832996,-25.9832993,107,4,273,15,0.416314,,
53.4,122.27,Permafrost,Wetland,AM,1.314440279,5.36,0.267803009,0.04713333,0.068311366,-4.9,490,13.2115002,1670.030029,101.5889969,15.5333004,-25.2667007,292,14,14.7166996,58.2000008,15.5333004,-25.2667007,115,4,292,14,0.510347,4.110043668,0.789737991
53.4,122.27,Permafrost,Wetland,EcM,1.376248375,5.11,0.267803009,0.061594692,0.052273045,-4.9,490,13.2115002,1670.030029,101.5889969,15.5333004,-25.2667007,292,14,14.7166996,58.2000008,15.5333004,-25.2667007,115,4,292,14,0.510347,4.110043668,0.789737991
53.4,122.27,Permafrost,Wetland,EcM,1.500949647,5.21,0.267803009,0.050882572,0.063277897,-4.9,490,13.2115002,1670.030029,101.5889969,15.5333004,-25.2667007,292,14,14.7166996,58.2000008,15.5333004,-25.2667007,115,4,292,14,0.510347,4.110043668,0.789737991
53.4,122.27,Permafrost,Wetland,EcM,1.493474781,5.22,0.267803009,0.049275754,0.065341307,-4.9,490,13.2115002,1670.030029,101.5889969,15.5333004,-25.2667007,292,14,14.7166996,58.2000008,15.5333004,-25.2667007,115,4,292,14,0.491865,4.110043668,0.789737991
53.4,122.27,Permafrost,Wetland,EcM,1.297436584,5.24,0.267803009,0.04713333,0.068311366,-4.9,490,13.2115002,1670.030029,101.5889969,15.5333004,-25.2667007,292,14,14.7166996,58.2000008,15.5333004,-25.2667007,115,4,292,14,0.491865,4.110043668,0.789737991
53.4,122.27,Permafrost,Wetland,EcM,1.146580707,5.24,0.267803009,0.042312875,0.076093674,-4.9,490,13.2115002,1670.030029,101.5889969,15.5333004,-25.2667007,292,14,14.7166996,58.2000008,15.5333004,-25.2667007,115,4,292,14,0.491865,4.110043668,0.789737991
53.4,122.27,Permafrost,Wetland,EcM,1.45805437,5.11,0.267803009,0.047668936,0.067543823,-4.9,490,13.2115002,1670.030029,101.5889969,15.5333004,-25.2667007,292,14,14.7166996,58.2000008,15.5333004,-25.2667007,115,4,292,14,0.491865,4.110043668,0.789737991
52.86,122.73,Permafrost,Forest,EcM,1.396706948,6.6,0.253550003,0.075050801,0.039810584,-5.5,460.8,14.3590002,1709.01001,102.6009979,15.6167002,-26.1333008,302,15,15.5417004,59.7000008,15.6167002,-21.8666992,119,4,302,15,0.491865,3.793886463,0.766768559
52.86,122.73,Permafrost,Forest,EcM,1.380580235,5.49,0.253550003,0.075050801,0.039810584,-5.5,460.8,14.3590002,1709.01001,102.6009979,15.6167002,-26.1333008,302,15,15.5417004,59.7000008,15.6167002,-21.8666992,119,4,302,15,0.491865,3.793886463,0.766768559
53.45,122.3,Permafrost,Forest,EcM,1.035602621,5.22,0.269213989,0.079687341,0.040617569,-4.9,425,14.1492004,1709.089966,103.7969971,16.0667,-25.7000008,283,11,14.8332996,59.2999992,16.0667,-25.7000008,110,3,283,11,0.491865,4.281222707,0.819868996
53.45,122.3,Permafrost,Forest,EcM,0.944632675,5.91,0.269213989,0.079687341,0.040617569,-4.9,425,14.1492004,1709.089966,103.7969971,16.0667,-25.7000008,283,11,14.8332996,59.2999992,16.0667,-25.7000008,110,3,283,11,0.491865,4.281222707,0.819868996
53.45,122.3,Permafrost,Forest,EcM,1.007597583,4.46,0.269213989,0.079687341,0.040617569,-4.9,425,14.1492004,1709.089966,103.7969971,16.0667,-25.7000008,283,11,14.8332996,59.2999992,16.0667,-25.7000008,110,3,283,11,0.491865,4.281222707,0.819868996
53.45,122.28,Permafrost,Wetland,EcM,1.269527887,6,0.269673004,0.079823209,0.040617569,-3,400,14.1652002,1712.640015,103.2210007,16.1667004,-25.7000008,281,11,14.875,59.5,16.1667004,-25.7000008,110,3,281,11,0.4415,3.987772926,0.79580786
53.45,122.28,Permafrost,Wetland,EcM,0.714825813,6,0.269673004,0.079823209,0.040617569,-3,400,14.1652002,1712.640015,103.2210007,16.1667004,-25.7000008,281,11,14.875,59.5,16.1667004,-25.7000008,110,3,281,11,0.4415,3.987772926,0.79580786
53.45,122.28,Permafrost,Wetland,EcM,1.320649693,6,0.269673004,0.079823209,0.040617569,-3,400,14.1652002,1712.640015,103.2210007,16.1667004,-25.7000008,281,11,14.875,59.5,16.1667004,-25.7000008,110,3,281,11,0.454498,3.987772926,0.79580786
53.45,122.28,Permafrost,Wetland,EcM,0.808750972,6,0.269673004,0.079823209,0.040617569,-3,400,14.1652002,1712.640015,103.2210007,16.1667004,-25.7000008,281,11,14.875,59.5,16.1667004,-25.7000008,110,3,281,11,0.447456,3.987772926,0.79580786
53.45,122.28,Permafrost,Wetland,EcM,1.160955676,6,0.269673004,0.079823209,0.040617569,-3,400,14.1652002,1712.640015,103.2210007,16.1667004,-25.7000008,281,11,14.875,59.5,16.1667004,-25.7000008,110,3,281,11,0.4515,3.987772926,0.79580786
53.45,122.28,Permafrost,Wetland,EcM,1.048323697,6,0.269673004,0.079823209,0.040617569,-3,400,14.1652002,1712.640015,103.2210007,16.1667004,-25.7000008,281,11,14.875,59.5,16.1667004,-25.7000008,110,3,281,11,0.4515,3.987772926,0.79580786
52.89,123.17,Permafrost,Wetland,EcM,2.168521054,4.5,0.2645,0.078292,0.042434009,-4.3,452,9.6195602,1690.670044,99.990097,15.6833,-25.6000004,308,18,15.0583,58.7000008,15.6833,-21.3833008,122,5,308,18,0.340964,3.358078603,0.707554585
51.69,121.87,Permafrost,Wetland,,1.947869758,4.34,0.426412994,0.094663685,0.043304504,-3.5,425,10.4305,1643.040039,106.3580017,14.8000002,-25.5333004,325,14,15.25,58.7999992,14.8000002,-25.5333004,130,4,325,14,0.351748,2.345414847,0.616681223
50.81,120.52,Permafrost,Wetland,,1.948991639,4.71,0.259665009,0.076860843,0.036789641,-3.5,425,9.80093,1577.130005,113.7539978,14.2833004,-24.5667,319,12,13.5333004,55,14.2833004,-24.5667,132,3,319,12,0.407584,3.520960699,0.719563319
50.54,121.71,Permafrost,Wetland,,1.906020253,4.52,0.281743988,0.08339622,0.038651578,-3.5,425,6.0301099,1589.73999,113.3470001,14.3832998,-24.5667,340,12,15.8500004,57.7999992,14.3832998,-24.5667,142,3,340,12,0.371013,3.341048035,0.700786026
49.76,121.23,Permafrost,Wetland,,1.808605239,5.15,0.33028299,0.084552445,0.048660417,-3.5,425,14.0052996,1606.839966,118.4219971,15.25,-24.2000008,324,9,14.2917004,56.2000008,15.25,-20.7332993,134,2,324,8,0.440946,2.756956522,0.670913043
52.93,122.77,Permafrost,Wetland,,2.001106908,3.86,0.428718994,0.095175617,0.053080779,-3,425,14.5621996,1752.949951,101.2509995,16.25,-26.5832996,294,16,15.8167,61.0999985,16.25,-22.0333004,115,4,294,16,0.31882,2.1069869,0.615502183
52.75,122.63,Permafrost,Wetland,,2.001683532,3.88,0.425533997,0.094468547,0.053080779,-3,425,10.1548004,1728.689941,100.5950012,15.8167,-26.4666996,298,17,15.7582998,60.4000015,15.8167,-26.4666996,117,5,298,17,0.31882,2.382532751,0.641441048
51.76,123.04,Permafrost,Wetland,,1.999661987,3.88,0.453617004,0.100702975,0.043496395,-3,425,7.3365502,1611.410034,104.526001,14.3832998,-25.0832996,344,17,15.375,58.0999985,14.3832998,-25.0832996,138,5,344,17,0.31882,2.225764192,0.589126638
52.15,122.96,Permafrost,Wetland,,1.979113863,4.13,0.432356995,0.095983253,0.044061861,-3,425,7.3643098,1638.030029,103.3529968,15.0500002,-24.9832993,332,16,15.1750002,57.7000008,15.0500002,-24.9832993,131,5,332,16,0.17475,3.396943231,0.710524017
44.75,123.75,Seasonally frozen ground,Grassland,AM,0.902002891,7.4000001,0.352587006,0.093788143,0.036323308,4.9,470,7.9904299,1443.439941,123.1429977,22.5333004,-13.0333004,314,5,12,50.4000015,22.5333004,-13.0333004,148,1,314,5,0.240036,1.409251101,0.522643172
44.75,123.75,Seasonally frozen ground,Grassland,AM,0.915682589,7.4000001,0.352587006,0.093788143,0.036323308,4.9,470,7.9904299,1443.439941,123.1429977,22.5333004,-13.0333004,314,5,12,50.4000015,22.5333004,-13.0333004,148,1,314,5,0.240036,1.409251101,0.522643172
44.75,123.75,Seasonally frozen ground,Grassland,AM,0.886980018,7.4000001,0.352587006,0.093788143,0.036323308,4.9,470,7.9904299,1443.439941,123.1429977,22.5333004,-13.0333004,314,5,12,50.4000015,22.5333004,-13.0333004,148,1,314,5,0.240036,1.409251101,0.522643172
44.75,123.75,Seasonally frozen ground,Grassland,AM,0.969321774,7.4000001,0.352587006,0.093788143,0.036323308,4.9,470,7.9904299,1443.439941,123.1429977,22.5333004,-13.0333004,314,5,12,50.4000015,22.5333004,-13.0333004,148,1,314,5,0.240036,1.409251101,0.522643172
44.75,123.75,Seasonally frozen ground,Grassland,AM,0.887878249,7.4000001,0.352587006,0.093788143,0.036323308,4.9,470,7.9904299,1443.439941,123.1429977,22.5333004,-13.0333004,314,5,12,50.4000015,22.5333004,-13.0333004,148,1,314,5,0.240036,1.409251101,0.522643172
44.75,123.75,Seasonally frozen ground,Grassland,AM,0.917362647,7.4000001,0.352587006,0.093788143,0.036323308,4.9,470,7.9904299,1443.439941,123.1429977,22.5333004,-13.0333004,314,5,12,50.4000015,22.5333004,-13.0333004,148,1,314,5,0.240036,1.409251101,0.522643172
44.75,123.75,Seasonally frozen ground,Grassland,AM,0.958145153,7.4000001,0.352587006,0.093788143,0.036323308,4.9,470,7.9904299,1443.439941,123.1429977,22.5333004,-13.0333004,314,5,12,50.4000015,22.5333004,-13.0333004,148,1,314,5,0.240036,1.409251101,0.522643172
44.55,123.52,Seasonally frozen ground,Grassland,AM,0.453544604,9.6,0.150270004,0.048687481,0.029820988,5.7,375,6.8486199,1423.170044,114.0930023,22.8500004,-12.2166996,318,8,12.0166998,49.9000015,22.8500004,-12.2166996,149,2,318,8,0.240036,1.113656388,0.43030837
44.55,123.52,Seasonally frozen ground,Grassland,AM,0.511412732,9.6,0.150270004,0.048687481,0.029820988,5.7,375,6.8486199,1423.170044,114.0930023,22.8500004,-12.2166996,318,8,12.0166998,49.9000015,22.8500004,-12.2166996,149,2,318,8,0.240036,1.113656388,0.43030837
44.55,123.52,Seasonally frozen ground,Grassland,AM,0.583896713,9.6,0.150270004,0.048687481,0.029820988,5.7,375,6.8486199,1423.170044,114.0930023,22.8500004,-12.2166996,318,8,12.0166998,49.9000015,22.8500004,-12.2166996,149,2,318,8,0.240036,1.113656388,0.43030837
44.55,123.52,Seasonally frozen ground,Grassland,AM,0.415260555,10.2,0.150270004,0.048687481,0.029820988,5.7,375,6.8486199,1423.170044,114.0930023,22.8500004,-12.2166996,318,8,12.0166998,49.9000015,22.8500004,-12.2166996,149,2,318,8,0.240036,1.113656388,0.43030837
44.55,123.52,Seasonally frozen ground,Grassland,AM,0.426472222,10.2,0.150270004,0.048687481,0.029820988,5.7,375,6.8486199,1423.170044,114.0930023,22.8500004,-12.2166996,318,8,12.0166998,49.9000015,22.8500004,-12.2166996,149,2,318,8,0.240036,1.113656388,0.43030837
44.55,123.52,Seasonally frozen ground,Grassland,AM,0.471015788,10.2,0.150270004,0.048687481,0.029820988,5.7,375,6.8486199,1423.170044,114.0930023,22.8500004,-12.2166996,318,8,12.0166998,49.9000015,22.8500004,-12.2166996,149,2,318,8,0.240036,1.113656388,0.43030837
44.55,123.52,Seasonally frozen ground,Grassland,AM,0.281397022,9.8,0.150270004,0.048687481,0.029820988,5.7,375,6.8486199,1423.170044,114.0930023,22.8500004,-12.2166996,318,8,12.0166998,49.9000015,22.8500004,-12.2166996,149,2,318,8,0.240036,1.113656388,0.43030837
44.55,123.52,Seasonally frozen ground,Grassland,AM,0.253270142,9.8,0.150270004,0.048687481,0.029820988,5.7,375,6.8486199,1423.170044,114.0930023,22.8500004,-12.2166996,318,8,12.0166998,49.9000015,22.8500004,-12.2166996,149,2,318,8,0.240036,1.113656388,0.43030837
44.55,123.52,Seasonally frozen ground,Grassland,AM,0.191786248,9.8,0.150270004,0.048687481,0.029820988,5.7,375,6.8486199,1423.170044,114.0930023,22.8500004,-12.2166996,318,8,12.0166998,49.9000015,22.8500004,-12.2166996,149,2,318,8,0.240036,1.113656388,0.43030837
44.55,123.52,Seasonally frozen ground,Grassland,AM,0.269456903,10,0.150270004,0.048687481,0.029820988,5.7,375,6.8486199,1423.170044,114.0930023,22.8500004,-12.2166996,318,8,12.0166998,49.9000015,22.8500004,-12.2166996,149,2,318,8,0.240036,1.113656388,0.43030837
44.55,123.52,Seasonally frozen ground,Grassland,AM,0.224035553,10,0.150270004,0.048687481,0.029820988,5.7,375,6.8486199,1423.170044,114.0930023,22.8500004,-12.2166996,318,8,12.0166998,49.9000015,22.8500004,-12.2166996,149,2,318,8,0.240036,1.113656388,0.43030837
44.55,123.52,Seasonally frozen ground,Grassland,AM,0.136885378,10,0.150270004,0.048687481,0.029820988,5.7,375,6.8486199,1423.170044,114.0930023,22.8500004,-12.2166996,318,8,12.0166998,49.9000015,22.8500004,-12.2166996,149,2,318,8,0.240036,1.113656388,0.43030837
44.55,123.52,Seasonally frozen ground,Grassland,AM,0.348764232,9.5,0.150270004,0.048687481,0.029820988,5.7,375,6.8486199,1423.170044,114.0930023,22.8500004,-12.2166996,318,8,12.0166998,49.9000015,22.8500004,-12.2166996,149,2,318,8,0.240036,1.113656388,0.43030837
44.55,123.52,Seasonally frozen ground,Grassland,AM,0.338560074,9.5,0.150270004,0.048687481,0.029820988,5.7,375,6.8486199,1423.170044,114.0930023,22.8500004,-12.2166996,318,8,12.0166998,49.9000015,22.8500004,-12.2166996,149,2,318,8,0.240036,1.113656388,0.43030837
44.55,123.52,Seasonally frozen ground,Grassland,AM,0.224035553,9.5,0.150270004,0.048687481,0.029820988,5.7,375,6.8486199,1423.170044,114.0930023,22.8500004,-12.2166996,318,8,12.0166998,49.9000015,22.8500004,-12.2166996,149,2,318,8,0.240036,1.113656388,0.43030837
44.55,123.52,Seasonally frozen ground,Grassland,AM,0.687503991,9.4,0.150270004,0.048687481,0.029820988,5.7,375,6.8486199,1423.170044,114.0930023,22.8500004,-12.2166996,318,8,12.0166998,49.9000015,22.8500004,-12.2166996,149,2,318,8,0.240036,1.113656388,0.43030837
44.55,123.52,Seasonally frozen ground,Grassland,AM,0.652934476,9.4,0.150270004,0.048687481,0.029820988,5.7,375,6.8486199,1423.170044,114.0930023,22.8500004,-12.2166996,318,8,12.0166998,49.9000015,22.8500004,-12.2166996,149,2,318,8,0.240036,1.113656388,0.43030837
44.55,123.52,Seasonally frozen ground,Grassland,AM,0.597260674,9.4,0.150270004,0.048687481,0.029820988,5.7,375,6.8486199,1423.170044,114.0930023,22.8500004,-12.2166996,318,8,12.0166998,49.9000015,22.8500004,-12.2166996,149,2,318,8,0.240036,1.113656388,0.43030837
44.55,123.52,Seasonally frozen ground,Grassland,AM,0.681393214,9.5,0.150270004,0.048687481,0.029820988,5.7,375,6.8486199,1423.170044,114.0930023,22.8500004,-12.2166996,318,8,12.0166998,49.9000015,22.8500004,-12.2166996,149,2,318,8,0.31882,1.113656388,0.43030837
44.55,123.52,Seasonally frozen ground,Grassland,AM,0.583896713,9.5,0.150270004,0.048687481,0.029820988,5.7,375,6.8486199,1423.170044,114.0930023,22.8500004,-12.2166996,318,8,12.0166998,49.9000015,22.8500004,-12.2166996,149,2,318,8,0.31882,1.113656388,0.43030837
44.55,123.52,Seasonally frozen ground,Grassland,AM,0.426472222,9.5,0.150270004,0.048687481,0.029820988,5.7,375,6.8486199,1423.170044,114.0930023,22.8500004,-12.2166996,318,8,12.0166998,49.9000015,22.8500004,-12.2166996,149,2,318,8,0.31882,1.113656388,0.43030837
44.75,123.75,Seasonally frozen ground,Forest,EcM,1.309223784,7.14,0.352587006,0.093788143,0.036323308,5.5,432,7.9904299,1443.439941,123.1429977,22.5333004,-13.0333004,314,5,12,50.4000015,22.5333004,-13.0333004,148,1,314,5,0.31882,1.409251101,0.522643172
44.75,123.75,Seasonally frozen ground,Forest,EcM,1.050091162,7.28,0.352587006,0.093788143,0.036323308,5.5,432,7.9904299,1443.439941,123.1429977,22.5333004,-13.0333004,314,5,12,50.4000015,22.5333004,-13.0333004,148,1,314,5,0.31882,1.409251101,0.522643172
44.75,123.75,Seasonally frozen ground,Grassland,AM,1.094198517,7.16,0.352587006,0.093788143,0.036323308,5.5,432,7.9904299,1443.439941,123.1429977,22.5333004,-13.0333004,314,5,12,50.4000015,22.5333004,-13.0333004,148,1,314,5,0.350359,1.409251101,0.522643172
44.75,123.75,Seasonally frozen ground,Grassland,AM,0.917362647,7.74,0.352587006,0.093788143,0.036323308,5.5,432,7.9904299,1443.439941,123.1429977,22.5333004,-13.0333004,314,5,12,50.4000015,22.5333004,-13.0333004,148,1,314,5,0.350359,1.409251101,0.522643172
42.7,122.48,Seasonally frozen ground,Grassland,AM,-0.016879105,6.9000001,0.135626007,0.03770403,0.033239088,7.7,474,2.72014,1328.650024,110.6169968,22.4832993,-10.3000002,339,8,12.1332998,47.2999992,22.4832993,-10.3000002,151,2,339,8,0.350359,1.268722467,0.470440529
42.7,122.48,Seasonally frozen ground,Grassland,EcM,-0.016879105,6.04,0.135626007,0.03770403,0.033239088,7.7,474,2.72014,1328.650024,110.6169968,22.4832993,-10.3000002,339,8,12.1332998,47.2999992,22.4832993,-10.3000002,151,2,339,8,0.350359,1.268722467,0.470440529
42.7,122.48,Seasonally frozen ground,Grassland,EcM,-0.016879105,5.86,0.135626007,0.03770403,0.033239088,7.7,474,2.72014,1328.650024,110.6169968,22.4832993,-10.3000002,339,8,12.1332998,47.2999992,22.4832993,-10.3000002,151,2,339,8,0.350359,1.268722467,0.470440529
42.7,122.48,Seasonally frozen ground,Grassland,EcM,-0.016879105,6.04,0.135626007,0.03770403,0.033239088,7.7,474,2.72014,1328.650024,110.6169968,22.4832993,-10.3000002,339,8,12.1332998,47.2999992,22.4832993,-10.3000002,151,2,339,8,0.350359,1.268722467,0.470440529
42.7,122.48,Seasonally frozen ground,Grassland,EcM,-0.016879105,5.34,0.135626007,0.03770403,0.033239088,7.7,474,2.72014,1328.650024,110.6169968,22.4832993,-10.3000002,339,8,12.1332998,47.2999992,22.4832993,-10.3000002,151,2,339,8,0.350359,1.268722467,0.470440529
42.7,122.48,Seasonally frozen ground,Grassland,EcM,-0.016879105,5.9,0.135626007,0.03770403,0.033239088,7.7,474,2.72014,1328.650024,110.6169968,22.4832993,-10.3000002,339,8,12.1332998,47.2999992,22.4832993,-10.3000002,151,2,339,8,0.350359,1.268722467,0.470440529
42.7,122.48,Seasonally frozen ground,Grassland,EcM,-0.016879105,5.79,0.135626007,0.03770403,0.033239088,7.7,474,2.72014,1328.650024,110.6169968,22.4832993,-10.3000002,339,8,12.1332998,47.2999992,22.4832993,-10.3000002,151,2,339,8,0.350359,1.268722467,0.470440529
42.7,122.48,Seasonally frozen ground,Grassland,AM,-0.003488328,6.9000001,0.135626007,0.03770403,0.033239088,7.7,474,2.72014,1328.650024,110.6169968,22.4832993,-10.3000002,339,8,12.1332998,47.2999992,22.4832993,-10.3000002,151,2,339,8,0.350359,1.268722467,0.470440529
42.7,122.48,Seasonally frozen ground,Grassland,EcM,-0.080921908,6.21,0.135626007,0.03770403,0.033239088,7.7,474,2.72014,1328.650024,110.6169968,22.4832993,-10.3000002,339,8,12.1332998,47.2999992,22.4832993,-10.3000002,151,2,339,8,0.350359,1.268722467,0.470440529
42.7,122.48,Seasonally frozen ground,Grassland,EcM,-0.04383157,5.9,0.135626007,0.03770403,0.033239088,7.7,474,2.72014,1328.650024,110.6169968,22.4832993,-10.3000002,339,8,12.1332998,47.2999992,22.4832993,-10.3000002,151,2,339,8,0.350359,1.268722467,0.470440529
42.7,122.48,Seasonally frozen ground,Grassland,EcM,-0.20481541,6.21,0.135626007,0.03770403,0.033239088,7.7,474,2.72014,1328.650024,110.6169968,22.4832993,-10.3000002,339,8,12.1332998,47.2999992,22.4832993,-10.3000002,151,2,339,8,0.350359,1.268722467,0.470440529
42.7,122.48,Seasonally frozen ground,Grassland,EcM,-0.089375595,5.71,0.135626007,0.03770403,0.033239088,7.7,474,2.72014,1328.650024,110.6169968,22.4832993,-10.3000002,339,8,12.1332998,47.2999992,22.4832993,-10.3000002,151,2,339,8,0.350359,1.268722467,0.470440529
42.7,122.48,Seasonally frozen ground,Grassland,EcM,-0.092588639,6.33,0.135626007,0.03770403,0.033239088,7.7,474,2.72014,1328.650024,110.6169968,22.4832993,-10.3000002,339,8,12.1332998,47.2999992,22.4832993,-10.3000002,151,2,339,8,0.350359,1.268722467,0.470440529
42.7,122.48,Seasonally frozen ground,Grassland,EcM,-0.094743951,6.23,0.135626007,0.03770403,0.033239088,7.7,474,2.72014,1328.650024,110.6169968,22.4832993,-10.3000002,339,8,12.1332998,47.2999992,22.4832993,-10.3000002,151,2,339,8,0.350359,1.268722467,0.470440529
44.67,126.67,Seasonally frozen ground,Grassland,AM,0.92867232,8.7,0.288632996,0.088898963,0.034101732,5,564,16.4754009,1505.140015,108.6210022,20.9333,-16.3999996,381,13,12.2666998,52.7000008,20.9333,-16.3999996,168,3,381,13,0.30989,2.254625551,0.616211454
45.37,132.33,Seasonally frozen ground,Wetland,AM,1.007863802,6,1.101,0.077058043,0.176591204,3.1,750,20.3871002,1399.52002,76.0548019,20.2667007,-14.2833004,294,27,10.7333002,48.9000015,19.2833004,-14.2833004,114,7,295,27,0.30989,1.110572687,0.451189427
45.37,132.33,Seasonally frozen ground,Wetland,AM,0.979045504,6,1.448,0.101202392,0.176838781,3.1,750,20.3871002,1399.52002,76.0548019,20.2667007,-14.2833004,294,27,10.7333002,48.9000015,19.2833004,-14.2833004,114,7,295,27,0.30989,1.110572687,0.451189427
45.37,132.33,Seasonally frozen ground,Wetland,AM,1.007476366,6,1.122,0.08496966,0.163203213,3.1,750,20.3871002,1399.52002,76.0548019,20.2667007,-14.2833004,294,27,10.7333002,48.9000015,19.2833004,-14.2833004,114,7,295,27,0.31882,1.110572687,0.451189427
44.73,123.73,Seasonally frozen ground,Grassland,AM,0.565375503,8.35,0.355188995,0.104425565,0.032863946,5.5,375,7.40659,1439.640015,122.7600021,22.5499992,-12.9333,312,5,12.0417004,50.2999992,22.5499992,-12.9333,148,1,312,5,0.31882,1.357709251,0.513920705
44.73,123.73,Seasonally frozen ground,Grassland,AM,0.51054501,8.91,0.355188995,0.101584053,0.033783217,5.5,375,7.40659,1439.640015,122.7600021,22.5499992,-12.9333,312,5,12.0417004,50.2999992,22.5499992,-12.9333,148,1,312,5,0.31882,1.357709251,0.513920705
44.73,123.73,Seasonally frozen ground,Grassland,AM,0.441852176,9.27,0.355188995,0.107267077,0.031993378,5.5,375,7.40659,1439.640015,122.7600021,22.5499992,-12.9333,312,5,12.0417004,50.2999992,22.5499992,-12.9333,148,1,312,5,0.31882,1.357709251,0.513920705
44.75,123.75,Seasonally frozen ground,Grassland,AM,0.903159469,7.4000001,0.352587006,0.093788143,0.036323308,4.9,470,7.9904299,1443.439941,123.1429977,22.5333004,-13.0333004,314,5,12,50.4000015,22.5333004,-13.0333004,148,1,314,5,0.31882,1.409251101,0.522643172
44.75,123.75,Seasonally frozen ground,Grassland,AM,0.916803349,7.4000001,0.352587006,0.093788143,0.036323308,4.9,470,7.9904299,1443.439941,123.1429977,22.5333004,-13.0333004,314,5,12,50.4000015,22.5333004,-13.0333004,148,1,314,5,0.31882,1.409251101,0.522643172
44.75,123.75,Seasonally frozen ground,Grassland,AM,0.889073007,7.4000001,0.352587006,0.093788143,0.036323308,4.9,470,7.9904299,1443.439941,123.1429977,22.5333004,-13.0333004,314,5,12,50.4000015,22.5333004,-13.0333004,148,1,314,5,0.31882,1.409251101,0.522643172
44.75,123.75,Seasonally frozen ground,Grassland,AM,0.970559786,7.4000001,0.352587006,0.093788143,0.036323308,4.9,470,7.9904299,1443.439941,123.1429977,22.5333004,-13.0333004,314,5,12,50.4000015,22.5333004,-13.0333004,148,1,314,5,0.31882,1.409251101,0.522643172
44.75,123.75,Seasonally frozen ground,Grassland,AM,0.889073007,7.4000001,0.352587006,0.093788143,0.036323308,4.9,470,7.9904299,1443.439941,123.1429977,22.5333004,-13.0333004,314,5,12,50.4000015,22.5333004,-13.0333004,148,1,314,5,0.31882,1.409251101,0.522643172
44.75,123.75,Seasonally frozen ground,Grassland,AM,0.916803349,7.4000001,0.352587006,0.093788143,0.036323308,4.9,470,7.9904299,1443.439941,123.1429977,22.5333004,-13.0333004,314,5,12,50.4000015,22.5333004,-13.0333004,148,1,314,5,0.304837,1.409251101,0.522643172
44.75,123.75,Seasonally frozen ground,Grassland,AM,0.958526615,7.4000001,0.352587006,0.093788143,0.036323308,4.9,470,7.9904299,1443.439941,123.1429977,22.5333004,-13.0333004,314,5,12,50.4000015,22.5333004,-13.0333004,148,1,314,5,0.304837,1.409251101,0.522643172
44.75,123.75,Seasonally frozen ground,Grassland,AM,0.788493617,7.4000001,0.352587006,0.093788143,0.036323308,4.9,470,7.9904299,1443.439941,123.1429977,22.5333004,-13.0333004,314,5,12,50.4000015,22.5333004,-13.0333004,148,1,314,5,0.304837,1.409251101,0.522643172
44.75,123.75,Seasonally frozen ground,Grassland,AM,0.80617726,7.4000001,0.352587006,0.093788143,0.036323308,4.9,470,7.9904299,1443.439941,123.1429977,22.5333004,-13.0333004,314,5,12,50.4000015,22.5333004,-13.0333004,148,1,314,5,0.304837,1.409251101,0.522643172
44.75,123.75,Seasonally frozen ground,Grassland,AM,0.750807592,7.4000001,0.352587006,0.093788143,0.036323308,4.9,470,7.9904299,1443.439941,123.1429977,22.5333004,-13.0333004,314,5,12,50.4000015,22.5333004,-13.0333004,148,1,314,5,0.304837,1.409251101,0.522643172
44.75,123.75,Seasonally frozen ground,Grassland,AM,0.750807592,7.4000001,0.352587006,0.093788143,0.036323308,4.9,470,7.9904299,1443.439941,123.1429977,22.5333004,-13.0333004,314,5,12,50.4000015,22.5333004,-13.0333004,148,1,314,5,0.304837,1.409251101,0.522643172
44.75,123.75,Seasonally frozen ground,Grassland,AM,0.765325751,7.4000001,0.352587006,0.093788143,0.036323308,4.9,470,7.9904299,1443.439941,123.1429977,22.5333004,-13.0333004,314,5,12,50.4000015,22.5333004,-13.0333004,148,1,314,5,0.304837,1.409251101,0.522643172
44.75,123.75,Seasonally frozen ground,Grassland,AM,0.745858314,7.4000001,0.352587006,0.093788143,0.036323308,4.9,470,7.9904299,1443.439941,123.1429977,22.5333004,-13.0333004,314,5,12,50.4000015,22.5333004,-13.0333004,148,1,314,5,0.304837,1.409251101,0.522643172
44.75,123.75,Seasonally frozen ground,Grassland,AM,0.801823394,7.4000001,0.352587006,0.093788143,0.036323308,4.9,470,7.9904299,1443.439941,123.1429977,22.5333004,-13.0333004,314,5,12,50.4000015,22.5333004,-13.0333004,148,1,314,5,0.304837,1.409251101,0.522643172
47.58,133.52,Seasonally frozen ground,Wetland,NM,1.29578694,6.6999998,0.442911011,0.067322474,0.062365791,3,560,21.0009003,1566.76001,86.3098984,19.9832993,-18.75,340,27,10.7166996,53.0999985,19.9832993,-18.75,136,7,340,27,0.304837,1.891629956,0.558898678
47.58,133.52,Seasonally frozen ground,Wetland,EcM,1.156609718,6.6999998,0.442911011,0.062893364,0.066757748,3,560,21.0009003,1566.76001,86.3098984,19.9832993,-18.75,340,27,10.7166996,53.0999985,19.9832993,-18.75,136,7,340,27,0.304837,1.891629956,0.558898678
47.58,133.52,Seasonally frozen ground,Wetland,EcM,1.233909453,6.6999998,0.442911011,0.063779186,0.065830557,3,560,21.0009003,1566.76001,86.3098984,19.9832993,-18.75,340,27,10.7166996,53.0999985,19.9832993,-18.75,136,7,340,27,0.304837,1.891629956,0.558898678
47.58,133.52,Seasonally frozen ground,Wetland,EcM,1.28546729,6.6999998,0.442911011,0.059350075,0.070743286,3,560,21.0009003,1566.76001,86.3098984,19.9832993,-18.75,340,27,10.7166996,53.0999985,19.9832993,-18.75,136,7,340,27,0.304837,1.891629956,0.558898678
47.58,133.52,Seasonally frozen ground,Wetland,NM,1.285647309,6.6999998,0.442911011,0.067322474,0.062365791,3,560,21.0009003,1566.76001,86.3098984,19.9832993,-18.75,340,27,10.7166996,53.0999985,19.9832993,-18.75,136,7,340,27,0.304837,1.891629956,0.558898678
47.58,133.52,Seasonally frozen ground,Wetland,EcM,1.162862993,6.6999998,0.442911011,0.066436652,0.063197335,3,560,21.0009003,1566.76001,86.3098984,19.9832993,-18.75,340,27,10.7166996,53.0999985,19.9832993,-18.75,136,7,340,27,0.356784,1.891629956,0.558898678
47.58,133.52,Seasonally frozen ground,Wetland,EcM,1.240549248,6.6999998,0.442911011,0.066436652,0.063197335,3,560,21.0009003,1566.76001,86.3098984,19.9832993,-18.75,340,27,10.7166996,53.0999985,19.9832993,-18.75,136,7,340,27,0.356784,1.891629956,0.558898678
47.58,133.52,Seasonally frozen ground,Wetland,EcM,1.270119599,6.6999998,0.442911011,0.059350075,0.070743286,3,560,21.0009003,1566.76001,86.3098984,19.9832993,-18.75,340,27,10.7166996,53.0999985,19.9832993,-18.75,136,7,340,27,0.356784,1.891629956,0.558898678
46.69,132.67,Seasonally frozen ground,Grassland,NM,1.123417129,6.6999998,0.393588989,0.087376756,0.075102104,4.3,566.4,21.6867008,1505.329956,86.7113037,20.4832993,-16.7833004,310,20,10.7333002,51.7000008,20.4832993,-16.7833004,123,5,310,20,0.356784,2.534361233,0.645550661
46.69,132.67,Seasonally frozen ground,Grassland,NM,1.230127936,6.6999998,0.393588989,0.087376756,0.075102104,4.7,381.9,21.6867008,1505.329956,86.7113037,20.4832993,-16.7833004,310,20,10.7333002,51.7000008,20.4832993,-16.7833004,123,5,310,20,0.356784,2.534361233,0.645550661
46.69,132.67,Seasonally frozen ground,Grassland,NM,1.312118939,6.6999998,0.393588989,0.087376756,0.075102104,4.2,488.6,21.6867008,1505.329956,86.7113037,20.4832993,-16.7833004,310,20,10.7333002,51.7000008,20.4832993,-16.7833004,123,5,310,20,0.356784,2.534361233,0.645550661
46.69,132.67,Seasonally frozen ground,Grassland,NM,1.123417129,6.6999998,0.393588989,0.087376756,0.075102104,4.3,566.4,21.6867008,1505.329956,86.7113037,20.4832993,-16.7833004,310,20,10.7333002,51.7000008,20.4832993,-16.7833004,123,5,310,20,0.356784,2.534361233,0.645550661
46.69,132.67,Seasonally frozen ground,Grassland,NM,1.230127936,6.6999998,0.393588989,0.087376756,0.075102104,4.7,381.9,21.6867008,1505.329956,86.7113037,20.4832993,-16.7833004,310,20,10.7333002,51.7000008,20.4832993,-16.7833004,123,5,310,20,0.356784,2.534361233,0.645550661
46.69,132.67,Seasonally frozen ground,Grassland,NM,1.312118939,6.6999998,0.393588989,0.087376756,0.075102104,4.2,488.6,21.6867008,1505.329956,86.7113037,20.4832993,-16.7833004,310,20,10.7333002,51.7000008,20.4832993,-16.7833004,123,5,310,20,0.356784,2.534361233,0.645550661
46.69,132.67,Seasonally frozen ground,Grassland,NM,1.123417129,6.6999998,0.393588989,0.087376756,0.075102104,4.3,566.4,21.6867008,1505.329956,86.7113037,20.4832993,-16.7833004,310,20,10.7333002,51.7000008,20.4832993,-16.7833004,123,5,310,20,0.356784,2.534361233,0.645550661
46.69,132.67,Seasonally frozen ground,Grassland,NM,1.230071176,6.6999998,0.393588989,0.087376756,0.075102104,4.7,381.9,21.6867008,1505.329956,86.7113037,20.4832993,-16.7833004,310,20,10.7333002,51.7000008,20.4832993,-16.7833004,123,5,310,20,0.356784,2.534361233,0.645550661
46.69,132.67,Seasonally frozen ground,Grassland,NM,1.312118939,6.6999998,0.393588989,0.087376756,0.075102104,4.2,488.6,21.6867008,1505.329956,86.7113037,20.4832993,-16.7833004,310,20,10.7333002,51.7000008,20.4832993,-16.7833004,123,5,310,20,0.356784,2.534361233,0.645550661
46.69,132.67,Seasonally frozen ground,Grassland,NM,0.834339306,6.6999998,0.393588989,0.087376756,0.075102104,4.3,566.4,21.6867008,1505.329956,86.7113037,20.4832993,-16.7833004,310,20,10.7333002,51.7000008,20.4832993,-16.7833004,123,5,310,20,0.356784,2.534361233,0.645550661
46.69,132.67,Seasonally frozen ground,Grassland,NM,0.965237459,6.6999998,0.393588989,0.087376756,0.075102104,4.7,381.9,21.6867008,1505.329956,86.7113037,20.4832993,-16.7833004,310,20,10.7333002,51.7000008,20.4832993,-16.7833004,123,5,310,20,0.356784,2.534361233,0.645550661
46.69,132.67,Seasonally frozen ground,Grassland,NM,1.173851483,6.6999998,0.393588989,0.087376756,0.075102104,4.2,488.6,21.6867008,1505.329956,86.7113037,20.4832993,-16.7833004,310,20,10.7333002,51.7000008,20.4832993,-16.7833004,123,5,310,20,0.356784,2.534361233,0.645550661
46.69,132.67,Seasonally frozen ground,Grassland,NM,0.850143658,6.6999998,0.393588989,0.087376756,0.075102104,4.3,566.4,21.6867008,1505.329956,86.7113037,20.4832993,-16.7833004,310,20,10.7333002,51.7000008,20.4832993,-16.7833004,123,5,310,20,0.356784,2.534361233,0.645550661
46.69,132.67,Seasonally frozen ground,Grassland,NM,0.988421602,6.6999998,0.393588989,0.087376756,0.075102104,4.7,381.9,21.6867008,1505.329956,86.7113037,20.4832993,-16.7833004,310,20,10.7333002,51.7000008,20.4832993,-16.7833004,123,5,310,20,0.356784,2.534361233,0.645550661
46.69,132.67,Seasonally frozen ground,Grassland,NM,1.195342181,6.6999998,0.393588989,0.087376756,0.075102104,4.2,488.6,21.6867008,1505.329956,86.7113037,20.4832993,-16.7833004,310,20,10.7333002,51.7000008,20.4832993,-16.7833004,123,5,310,20,0.356784,2.534361233,0.645550661
46.69,132.67,Seasonally frozen ground,Grassland,NM,0.857835263,6.6999998,0.393588989,0.087376756,0.075102104,4.3,566.4,21.6867008,1505.329956,86.7113037,20.4832993,-16.7833004,310,20,10.7333002,51.7000008,20.4832993,-16.7833004,123,5,310,20,0.356784,2.534361233,0.645550661
46.69,132.67,Seasonally frozen ground,Grassland,NM,0.988421602,6.6999998,0.393588989,0.087376756,0.075102104,4.7,381.9,21.6867008,1505.329956,86.7113037,20.4832993,-16.7833004,310,20,10.7333002,51.7000008,20.4832993,-16.7833004,123,5,310,20,0.356784,2.534361233,0.645550661
46.69,132.67,Seasonally frozen ground,Grassland,NM,1.195342181,6.6999998,0.393588989,0.087376756,0.075102104,4.2,488.6,21.6867008,1505.329956,86.7113037,20.4832993,-16.7833004,310,20,10.7333002,51.7000008,20.4832993,-16.7833004,123,5,310,20,0.356784,2.534361233,0.645550661
45.38,132.33,Seasonally frozen ground,Wetland,AM,1.951196812,6,0.246891007,0.067154354,0.045439215,3.1,750,13.9463997,1405.98999,79.0269012,20.2833004,-14.4333,297,28,11.0583,49.2999992,20.2833004,-14.4333,115,7,297,28,0.310669,2.167400881,0.549867841
45.38,132.33,Seasonally frozen ground,Wetland,AM,1.951196812,6,0.246891007,0.067154354,0.045439215,3.1,750,13.9463997,1405.98999,79.0269012,20.2833004,-14.4333,297,28,11.0583,49.2999992,20.2833004,-14.4333,115,7,297,28,0.310669,2.167400881,0.549867841
45.38,132.33,Seasonally frozen ground,Wetland,AM,2.004445882,6,0.246891007,0.067154354,0.045439215,3.1,750,13.9463997,1405.98999,79.0269012,20.2833004,-14.4333,297,28,11.0583,49.2999992,20.2833004,-14.4333,115,7,297,28,0.310669,2.167400881,0.549867841
45.38,132.33,Seasonally frozen ground,Wetland,AM,1.989142855,6,0.246891007,0.067154354,0.045439215,3.1,750,13.9463997,1405.98999,79.0269012,20.2833004,-14.4333,297,28,11.0583,49.2999992,20.2833004,-14.4333,115,7,297,28,0.244314,2.167400881,0.549867841
48.28,125.37,Seasonally frozen ground,Grassland,,1.176410815,7.0999999,0.26323999,0.069495363,0.041758582,1.3,502.5,23.7579002,1617.699951,116.8799973,19.9333,-19.8833008,337,8,12.0832996,54.5,19.9333,-19.8833008,150,2,337,8,0.244046,2.675330396,0.606387665
48.28,125.37,Seasonally frozen ground,Grassland,,1.079710795,7.0999999,0.26323999,0.069495363,0.041758582,1.3,502.5,23.7579002,1617.699951,116.8799973,19.9333,-19.8833008,337,8,12.0832996,54.5,19.9333,-19.8833008,150,2,337,8,0.244046,2.675330396,0.606387665
48.28,125.37,Seasonally frozen ground,Forest,AM,1.053757443,7.0999999,0.26323999,0.069495363,0.041758582,1.3,502.5,23.7579002,1617.699951,116.8799973,19.9333,-19.8833008,337,8,12.0832996,54.5,19.9333,-19.8833008,150,2,337,8,0.244046,2.675330396,0.606387665
48.28,125.37,Seasonally frozen ground,Forest,AM,0.900747208,7.0999999,0.26323999,0.069495363,0.041758582,1.3,502.5,23.7579002,1617.699951,116.8799973,19.9333,-19.8833008,337,8,12.0832996,54.5,19.9333,-19.8833008,150,2,337,8,0.244046,2.675330396,0.606387665
48.28,125.37,Seasonally frozen ground,Forest,EcM,0.960303339,7.0999999,0.26323999,0.069495363,0.041758582,1.3,502.5,23.7579002,1617.699951,116.8799973,19.9333,-19.8833008,337,8,12.0832996,54.5,19.9333,-19.8833008,150,2,337,8,0.244046,2.675330396,0.606387665
48.28,125.37,Seasonally frozen ground,Forest,EcM,0.864553829,7.0999999,0.26323999,0.069495363,0.041758582,1.3,502.5,23.7579002,1617.699951,116.8799973,19.9333,-19.8833008,337,8,12.0832996,54.5,19.9333,-19.8833008,150,2,337,8,0.244046,2.675330396,0.606387665
43.98,125.38,Seasonally frozen ground,Forest,EcM,0.684953025,7.11,0.276303009,0.0734966,0.044448623,7.2,530.5,8.9221601,1405.099976,112.1839981,21.3833008,-13.3667002,395,14,11.3000002,48.9000015,21.3833008,-13.3667002,179,4,395,14,0.244046,0.72246696,0.327797357
43.98,125.38,Seasonally frozen ground,Grassland,,0.504062883,7.23,0.276303009,0.0734966,0.044448623,7.2,530.5,8.9221601,1405.099976,112.1839981,21.3833008,-13.3667002,395,14,11.3000002,48.9000015,21.3833008,-13.3667002,179,4,395,14,0.244046,0.72246696,0.327797357
44.62,123.72,Seasonally frozen ground,Grassland,AM,0.543163771,8.42,0.141876999,0.045968148,0.029820988,5.5,450,6.0672302,1431.26001,122.1839981,22.6166992,-12.6667004,314,5,11.9917002,50,22.6166992,-12.6667004,149,1,314,5,0.244046,1.370044053,0.477048458
44.25,123.57,Seasonally frozen ground,Grassland,AM,0.287264126,9.23,0.367041992,0.102771758,0.03676857,4.9,364,7.3221402,1416.209961,118.5449982,22.8332996,-12.1000004,322,6,12.1999998,49.7999992,22.8332996,-12.1000004,151,1,322,6,0.244046,0.934361233,0.386651982
44.25,123.57,Seasonally frozen ground,Grassland,AM,0.292078772,9.48,0.367041992,0.11598527,0.032579746,4.9,364,7.3221402,1416.209961,118.5449982,22.8332996,-12.1000004,322,6,12.1999998,49.7999992,22.8332996,-12.1000004,151,1,322,6,0.244046,0.934361233,0.386651982
44.25,123.57,Seasonally frozen ground,Grassland,AM,0.34182215,9.14,0.367041992,0.10130359,0.037301448,4.9,364,7.3221402,1416.209961,118.5449982,22.8332996,-12.1000004,322,6,12.1999998,49.7999992,22.8332996,-12.1000004,151,1,322,6,0.244046,0.934361233,0.386651982
44.25,123.57,Seasonally frozen ground,Grassland,AM,0.276213565,9.51,0.367041992,0.116719354,0.032374842,4.9,364,7.3221402,1416.209961,118.5449982,22.8332996,-12.1000004,322,6,12.1999998,49.7999992,22.8332996,-12.1000004,151,1,322,6,0.32083,0.934361233,0.386651982
44.25,123.57,Seasonally frozen ground,Grassland,AM,0.413182371,8.91,0.367041992,0.100569506,0.037573722,4.9,364,7.3221402,1416.209961,118.5449982,22.8332996,-12.1000004,322,6,12.1999998,49.7999992,22.8332996,-12.1000004,151,1,322,6,0.330667,0.934361233,0.386651982
44.25,123.57,Seasonally frozen ground,Grassland,AM,0.246301577,9.48,0.367041992,0.117453438,0.032172499,4.9,364,7.3221402,1416.209961,118.5449982,22.8332996,-12.1000004,322,6,12.1999998,49.7999992,22.8332996,-12.1000004,151,1,322,6,0.330667,0.934361233,0.386651982
44.25,123.57,Seasonally frozen ground,Grassland,AM,0.240549248,10.24,0.367041992,0.106442178,0.035500689,4.9,364,7.3221402,1416.209961,118.5449982,22.8332996,-12.1000004,322,6,12.1999998,49.7999992,22.8332996,-12.1000004,151,1,322,6,0.379765,0.934361233,0.386651982
44.25,123.57,Seasonally frozen ground,Grassland,AM,0.264496704,10.34,0.367041992,0.119655689,0.031580367,4.9,364,7.3221402,1416.209961,118.5449982,22.8332996,-12.1000004,322,6,12.1999998,49.7999992,22.8332996,-12.1000004,151,1,322,6,0.379765,0.934361233,0.386651982
44.25,123.57,Seasonally frozen ground,Grassland,AM,0.293954471,9.99,0.367041992,0.10497401,0.035997202,4.9,364,7.3221402,1416.209961,118.5449982,22.8332996,-12.1000004,322,6,12.1999998,49.7999992,22.8332996,-12.1000004,151,1,322,6,0.298315,0.934361233,0.386651982
44.25,123.57,Seasonally frozen ground,Grassland,AM,0.21571157,10.32,0.367041992,0.120389773,0.031387804,4.9,364,7.3221402,1416.209961,118.5449982,22.8332996,-12.1000004,322,6,12.1999998,49.7999992,22.8332996,-12.1000004,151,1,322,6,0.298315,0.934361233,0.386651982
44.25,123.57,Seasonally frozen ground,Grassland,AM,0.328770904,9.49,0.367041992,0.103505842,0.0365078,4.9,364,7.3221402,1416.209961,118.5449982,22.8332996,-12.1000004,322,6,12.1999998,49.7999992,22.8332996,-12.1000004,151,1,322,6,0.298315,0.934361233,0.386651982
44.25,123.57,Seasonally frozen ground,Grassland,AM,0.153363573,10.38,0.367041992,0.120389773,0.031387804,4.9,364,7.3221402,1416.209961,118.5449982,22.8332996,-12.1000004,322,6,12.1999998,49.7999992,22.8332996,-12.1000004,151,1,322,6,0.298315,0.934361233,0.386651982
47.43,126.63,Seasonally frozen ground,Grassland,AM,0.792489745,6.1999998,0.251757004,0.050854915,0.054772279,1.5,550,21.6527996,1584.050049,113.8119965,20.4832993,-18.6667004,347,10,11,53,20.4832993,-18.6667004,152,3,347,10,0.188192,2.799559471,0.609118943
48.95,125.12,Seasonally frozen ground,Grassland,AM,1.088855238,5.4,0.254639008,0.035649461,0.083471907,0.4,550,24.5580006,1616.569946,116.4179993,19.1833,-20.5667,335,8,12.8667002,55.4000015,19.1833,-20.5667,147,2,335,8,0.188192,2.92907489,0.674052863
48.99,125.16,Seasonally frozen ground,Forest,EcM,0.901449471,5.7,0.237214005,0.047442801,0.058430335,0.4,550,20.7413998,1607.160034,116.8580017,19,-20.5333004,341,8,12.7333002,55.0999985,19,-20.5333004,149,2,341,8,0.188192,2.840528634,0.675682819
49,125.3,Permafrost,Grassland,AM,0.892274908,6.1999998,0.260359009,0.062590306,0.048610927,0,461,25.6452999,1622.76001,115.598999,19.0832996,-20.8332996,341,8,12.8083,55.4000015,19.0832996,-20.8332996,147,2,341,8,0.265342,2.489427313,0.60030837
49,125.3,Permafrost,Forest,EcM,0.892683739,6.1999998,0.260359009,0.067537127,0.045050374,0,461,25.6452999,1622.76001,115.598999,19.0832996,-20.8332996,341,8,12.8083,55.4000015,19.0832996,-20.8332996,147,2,341,8,0.265342,2.489427313,0.60030837
49,125.3,Permafrost,Forest,EcM,1.022176243,6.1999998,0.260359009,0.037075123,0.082065077,0,461,25.6452999,1622.76001,115.598999,19.0832996,-20.8332996,341,8,12.8083,55.4000015,19.0832996,-20.8332996,147,2,341,8,0.31882,2.489427313,0.60030837
49,125.3,Permafrost,Forest,EcM,0.784210736,6.1999998,0.260359009,0.029785071,0.102150935,0,461,25.6452999,1622.76001,115.598999,19.0832996,-20.8332996,341,8,12.8083,55.4000015,19.0832996,-20.8332996,147,2,341,8,0.31882,2.489427313,0.60030837
45.6,123.85,Seasonally frozen ground,Grassland,AM,0.386677284,10.2,0.27475,0.07693,0.026197381,4,413.7,7.35535,1479.699951,115.4570007,22.5333004,-13.9666996,309,8,11.8583002,51.2000008,22.5333004,-13.9666996,144,2,309,8,0.31882,1.014096916,0.41123348
45.6,123.85,Seasonally frozen ground,Grassland,AM,0.522704993,9.7,0.27475,0.07693,0.026197381,4,413.7,7.35535,1479.699951,115.4570007,22.5333004,-13.9666996,309,8,11.8583002,51.2000008,22.5333004,-13.9666996,144,2,309,8,0.31882,1.014096916,0.41123348
45.6,123.85,Seasonally frozen ground,Grassland,AM,0.455758203,9.9,0.27475,0.07693,0.026197381,4,413.7,7.35535,1479.699951,115.4570007,22.5333004,-13.9666996,309,8,11.8583002,51.2000008,22.5333004,-13.9666996,144,2,309,8,0.31882,1.014096916,0.41123348
45.6,123.85,Seasonally frozen ground,Grassland,AM,0.629001619,9.4,0.27475,0.07693,0.026197381,4,413.7,7.35535,1479.699951,115.4570007,22.5333004,-13.9666996,309,8,11.8583002,51.2000008,22.5333004,-13.9666996,144,2,309,8,0.31882,1.014096916,0.41123348
45.6,123.85,Seasonally frozen ground,Grassland,AM,0.691435152,8.4,0.27475,0.071435,0.028212564,4,413.7,7.35535,1479.699951,115.4570007,22.5333004,-13.9666996,309,8,11.8583002,51.2000008,22.5333004,-13.9666996,144,2,309,8,0.31882,1.014096916,0.41123348
48.6,130.57,Seasonally frozen ground,Forest,EcM,0.867632453,5.1,0.311862,0.029938752,0.12442708,1.9,555,45.3755989,1642.910034,93.910202,19.4500008,-21.1000004,357,18,13.6416998,57.5,19.4500008,-16.7999992,140,5,357,18,0.31882,,
48.6,130.57,Seasonally frozen ground,Wetland,NM,1.07471407,5.5,0.311862,0.028691304,0.129836953,1.9,555,45.3755989,1642.910034,93.910202,19.4500008,-21.1000004,357,18,13.6416998,57.5,19.4500008,-16.7999992,140,5,357,18,0.32083,,
44.75,123.75,Seasonally frozen ground,Grassland,AM,0.314183339,9.51,0.3992,0.1061872,0.0832,4.9,445,7.9904299,1443.439941,123.1429977,22.5333004,-13.0333004,314,5,12,50.4000015,22.5333004,-13.0333004,148,1,314,5,0.188192,1.409251101,0.522643172
44.75,123.75,Seasonally frozen ground,Grassland,AM,0.38344552,9.4,0.3927,0.1044582,0.0859,4.9,445,7.9904299,1443.439941,123.1429977,22.5333004,-13.0333004,314,5,12,50.4000015,22.5333004,-13.0333004,148,1,314,5,0.188192,1.409251101,0.522643172
44.75,123.75,Seasonally frozen ground,Grassland,AM,0.365398122,9.33,0.362,0.096292,0.0933,4.9,445,7.9904299,1443.439941,123.1429977,22.5333004,-13.0333004,314,5,12,50.4000015,22.5333004,-13.0333004,148,1,314,5,0.188192,1.409251101,0.522643172
44.75,123.75,Seasonally frozen ground,Grassland,AM,0.245083096,9.48,0.3908,0.1039528,0.086,4.9,445,7.9904299,1443.439941,123.1429977,22.5333004,-13.0333004,314,5,12,50.4000015,22.5333004,-13.0333004,148,1,314,5,0.188192,1.409251101,0.522643172
44.75,123.75,Seasonally frozen ground,Grassland,AM,0.460711462,9.43,0.3908,0.1039528,0.098,4.9,445,7.9904299,1443.439941,123.1429977,22.5333004,-13.0333004,314,5,12,50.4000015,22.5333004,-13.0333004,148,1,314,5,0.188192,1.409251101,0.522643172
44.75,123.75,Seasonally frozen ground,Grassland,AM,0.370350222,9.43,0.4754,0.1264564,0.1157,4.9,445,7.9904299,1443.439941,123.1429977,22.5333004,-13.0333004,314,5,12,50.4000015,22.5333004,-13.0333004,148,1,314,5,0.370808,1.409251101,0.522643172
44.75,123.75,Seasonally frozen ground,Grassland,AM,0.370350222,9.43,0.3908,0.1039528,0.1391,4.9,445,7.9904299,1443.439941,123.1429977,22.5333004,-13.0333004,314,5,12,50.4000015,22.5333004,-13.0333004,148,1,314,5,0.370808,1.409251101,0.522643172
44.75,123.75,Seasonally frozen ground,Grassland,AM,0.420516831,9.43,0.3248,0.0863968,0.0828,4.9,445,7.9904299,1443.439941,123.1429977,22.5333004,-13.0333004,314,5,12,50.4000015,22.5333004,-13.0333004,148,1,314,5,0.370808,1.409251101,0.522643172
47.43,126.63,Seasonally frozen ground,Grassland,,0.809142053,5.46,0.251757004,0.050854915,0.054772279,1.5,550,21.6527996,1584.050049,113.8119965,20.4832993,-18.6667004,347,10,11,53,20.4832993,-18.6667004,152,3,347,10,0.370996,2.799559471,0.609118943
45.6,123.85,Seasonally frozen ground,Grassland,AM,0.561602204,7.5999999,0.27475,0.0730835,0.027576191,4,413.7,7.35535,1479.699951,115.4570007,22.5333004,-13.9666996,309,8,11.8583002,51.2000008,22.5333004,-13.9666996,144,2,309,8,0.370996,1.014096916,0.41123348
45.6,123.85,Seasonally frozen ground,Grassland,AM,0.489339626,7.5999999,0.27475,0.0730835,0.027576191,4,413.7,7.35535,1479.699951,115.4570007,22.5333004,-13.9666996,309,8,11.8583002,51.2000008,22.5333004,-13.9666996,144,2,309,8,0.370996,1.014096916,0.41123348
45.6,123.85,Seasonally frozen ground,Grassland,AM,0.40715287,7.5999999,0.27475,0.0730835,0.027576191,4,413.7,7.35535,1479.699951,115.4570007,22.5333004,-13.9666996,309,8,11.8583002,51.2000008,22.5333004,-13.9666996,144,2,309,8,0.370996,1.014096916,0.41123348
48.17,134.22,Seasonally frozen ground,Forest,EcM,1.137508682,4.92,0.221104996,0.066773709,0.036272407,4.5,560,21.9676991,1588.189941,85.4721985,19.8999996,-19.3332996,368,32,10.9499998,54.0999985,18.1499996,-19.3332996,147,8,370,32,0.188192,2.593832599,0.624361233
48.17,134.22,Seasonally frozen ground,Forest,EcM,1.090363225,5.03,0.221104996,0.066773709,0.036272407,4.5,560,21.9676991,1588.189941,85.4721985,19.8999996,-19.3332996,368,32,10.9499998,54.0999985,18.1499996,-19.3332996,147,8,370,32,0.188192,2.593832599,0.624361233
48.17,134.22,Seasonally frozen ground,Forest,EcM,1.037609037,5.12,0.221104996,0.066773709,0.036272407,4.5,560,21.9676991,1588.189941,85.4721985,19.8999996,-19.3332996,368,32,10.9499998,54.0999985,18.1499996,-19.3332996,147,8,370,32,0.304837,2.593832599,0.624361233
51.13,125.14,Permafrost,Wetland,ErM,1.711915831,6.6999998,0.390397003,0.086668135,0.045767566,-2.2,522,12.1014004,1604.51001,104.9049988,16.7833004,-22.5167007,331,15,14.4582996,57,16.7833004,-18.7000008,135,4,331,15,0.304837,2.947161572,0.684847162
51.13,125.14,Permafrost,Wetland,ErM,1.727233238,6.6999998,0.390397003,0.086668135,0.045767566,-2.2,522,12.1014004,1604.51001,104.9049988,16.7833004,-22.5167007,331,15,14.4582996,57,16.7833004,-18.7000008,135,4,331,15,0.304837,2.947161572,0.684847162
51.13,125.14,Permafrost,Wetland,ErM,1.626658118,6.6999998,0.390397003,0.086668135,0.045767566,-2.2,522,12.1014004,1604.51001,104.9049988,16.7833004,-22.5167007,331,15,14.4582996,57,16.7833004,-18.7000008,135,4,331,15,0.304837,2.947161572,0.684847162
45.6,123.85,Seasonally frozen ground,Grassland,AM,0.500428598,9.7,0.27475,0.0730835,0.027576191,4,413.7,7.35535,1479.699951,115.4570007,22.5333004,-13.9666996,309,8,11.8583002,51.2000008,22.5333004,-13.9666996,144,2,309,8,0.298225,1.014096916,0.41123348
45.6,123.85,Seasonally frozen ground,Grassland,AM,0.433481808,9.9,0.27475,0.0730835,0.027576191,4,413.7,7.35535,1479.699951,115.4570007,22.5333004,-13.9666996,309,8,11.8583002,51.2000008,22.5333004,-13.9666996,144,2,309,8,0.237852,1.014096916,0.41123348
45.6,123.85,Seasonally frozen ground,Grassland,AM,0.606725225,9.4,0.27475,0.0730835,0.027576191,4,413.7,7.35535,1479.699951,115.4570007,22.5333004,-13.9666996,309,8,11.8583002,51.2000008,22.5333004,-13.9666996,144,2,309,8,0.241662,1.014096916,0.41123348
45.6,123.85,Seasonally frozen ground,Grassland,AM,0.701343441,9.4,0.27475,0.0730835,0.027576191,4,413.7,7.35535,1479.699951,115.4570007,22.5333004,-13.9666996,309,8,11.8583002,51.2000008,22.5333004,-13.9666996,144,2,309,8,0.305627,1.014096916,0.41123348
47.58,133.52,Seasonally frozen ground,Wetland,AM,1.106427535,4.95,0.442911011,0.049606033,0.084639288,2.5,566,21.0009003,1566.76001,86.3098984,19.9832993,-18.75,340,27,10.7166996,53.0999985,19.9832993,-18.75,136,7,340,27,0.241617,1.891629956,0.558898678
47.58,133.52,Seasonally frozen ground,Wetland,NM,1.170591798,5.37,0.442911011,0.080609804,0.052085716,1.9,583,21.0009003,1566.76001,86.3098984,19.9832993,-18.75,340,27,10.7166996,53.0999985,19.9832993,-18.75,136,7,340,27,0.274681,1.891629956,0.558898678
47.58,133.52,Seasonally frozen ground,Wetland,AM,1.402031858,5.93,0.442911011,0.064665008,0.064928769,1.9,583,21.0009003,1566.76001,86.3098984,19.9832993,-18.75,340,27,10.7166996,53.0999985,19.9832993,-18.75,136,7,340,27,0.273992,1.891629956,0.558898678
47.58,133.52,Seasonally frozen ground,Wetland,AM,1.529976711,5.36,0.442911011,0.050491855,0.083154388,1.9,583,21.0009003,1566.76001,86.3098984,19.9832993,-18.75,340,27,10.7166996,53.0999985,19.9832993,-18.75,136,7,340,27,0.25031,1.891629956,0.558898678
47.58,133.52,Seasonally frozen ground,Wetland,AM,1.339262323,6.37,0.442911011,0.031003771,0.135422861,1.9,583,21.0009003,1566.76001,86.3098984,19.9832993,-18.75,340,27,10.7166996,53.0999985,19.9832993,-18.75,136,7,340,27,0.287042,1.891629956,0.558898678
44.19,124.9,Seasonally frozen ground,Grassland,,0.632760888,9,0.317860992,0.085822468,0.041134074,4.7,507.7,8.31287,1437.609985,115.3919983,21.7667007,-13.7833004,365,11,11.3416996,50,21.7667007,-13.7833004,168,3,365,11,0.226803,1.933480176,0.545550661
45.58,123.69,Seasonally frozen ground,Grassland,,0.598067905,9.4,0.325513001,0.086586458,0.027576191,4.3,413.7,7.9994602,1473.880005,121.6119995,22.5333004,-13.7833004,304,5,12.0166998,51.0999985,22.5333004,-13.7833004,142,1,304,5,0.317489,1.1969163,0.439559471
45.76,123.22,Seasonally frozen ground,Grassland,,0.332519251,9.5,0.341056,0.114594816,0.026771033,4.9,402,9.3179903,1452.859985,120.8560028,22.5,-13.2833004,298,5,12.2917004,50.7000008,22.5,-13.2833004,137,1,298,5,0.317489,0.78061674,0.34339207
46.2,123.51,Seasonally frozen ground,Grassland,,0.402364569,8.5,0.281147003,0.092216217,0.029991667,4,620,6.8749399,1469.920044,122.0329971,22.3833008,-13.8332996,291,5,11.8999996,50.7999992,22.3833008,-13.8332996,134,1,291,5,0.317489,1.859030837,0.56
46.07,123.26,Seasonally frozen ground,Grassland,,0.650424097,8.4,0.364325989,0.100553973,0.019733429,4.9,402.4,6.5747099,1461.069946,120.7720032,22.3833008,-13.6000004,294,5,11.8332996,50.5999985,22.3833008,-13.6000004,136,1,294,5,0.317489,1.045374449,0.406211454
45.33,122.9,Seasonally frozen ground,Grassland,,0.054613055,9.6,0.370516998,0.120047507,0.023180453,5.5,377.9,5.7525401,1415.479981,121.1839981,22.3833008,-12.4499998,301,5,12.4833002,49.7999992,22.3833008,-12.4499998,137,1,301,5,0.317489,1.347577093,0.4669163
45.03,123,Seasonally frozen ground,Grassland,,0.315214393,8.7,0.149904007,0.03777581,0.02980344,5.3,400,6.0475402,1424.589966,120.1650009,22.6833,-12.3667002,307,5,12.3916998,50.0999985,22.6833,-12.3667002,141,1,307,5,0.317489,1.195594714,0.457312775
45.16,123.46,Seasonally frozen ground,Grassland,,0.250615147,9.5,0.352727997,0.118516607,0.020785714,4.3,413.7,7.0640802,1452.160034,119.0149994,22.6667004,-13.0832996,308,5,12.125,50.7000008,22.6667004,-13.0832996,144,1,308,5,0.317489,1.034361233,0.414273128
44.95,123.94,Seasonally frozen ground,Grassland,,0.488832634,8.1,0.358619995,0.096110159,0.036052239,4.6,420.6,7.1403098,1455.719971,118.7109985,22.5,-13.3832998,316,7,11.7333002,50.5,22.5,-13.3832998,149,1,316,7,0.317489,1.359030837,0.484493392
44.75,123.36,Seasonally frozen ground,Grassland,,0.463713862,9.1,0.349007996,0.100514303,0.025883332,4.5,446.2,5.26862,1425.699951,118.4209976,22.8332996,-12.25,312,6,12.0333004,50,22.8332996,-12.25,146,1,312,6,0.317489,0.778854626,0.329603524
46.53,124.43,Seasonally frozen ground,Grassland,AM,0.634474932,8.6,0.104060997,0.019979711,0.045418057,4,420,9.4251204,1537.069946,119.6600037,22.0333004,-15.8999996,308,6,11.8916998,52.9000015,22.0333004,-15.8999996,142,1,308,6,0.317489,1.74845815,0.55814978
46.53,124.43,Seasonally frozen ground,Grassland,AM,0.516493962,9,0.104060997,0.024350273,0.037266098,4,420,9.4251204,1537.069946,119.6600037,22.0333004,-15.8999996,308,6,11.8916998,52.9000015,22.0333004,-15.8999996,142,1,308,6,0.317489,1.74845815,0.55814978
46.53,124.43,Seasonally frozen ground,Grassland,AM,0.637457224,8.3,0.104060997,0.023309663,0.038929763,4,420,9.4251204,1537.069946,119.6600037,22.0333004,-15.8999996,308,6,11.8916998,52.9000015,22.0333004,-15.8999996,142,1,308,6,0.333588,1.74845815,0.55814978
46.53,124.43,Seasonally frozen ground,Grassland,AM,0.572213711,8.7,0.104060997,0.023101541,0.039280482,4,420,9.4251204,1537.069946,119.6600037,22.0333004,-15.8999996,308,6,11.8916998,52.9000015,22.0333004,-15.8999996,142,1,308,6,0.333588,1.74845815,0.55814978
46.53,124.43,Seasonally frozen ground,Grassland,AM,0.538081879,9.3,0.104060997,0.022685297,0.040001225,4,420,9.4251204,1537.069946,119.6600037,22.0333004,-15.8999996,308,6,11.8916998,52.9000015,22.0333004,-15.8999996,142,1,308,6,0.333588,1.74845815,0.55814978
46.53,124.43,Seasonally frozen ground,Grassland,AM,0.547994447,9.8,0.104060997,0.024558395,0.036950284,4,420,9.4251204,1537.069946,119.6600037,22.0333004,-15.8999996,308,6,11.8916998,52.9000015,22.0333004,-15.8999996,142,1,308,6,0.333588,1.74845815,0.55814978
46.53,124.43,Seasonally frozen ground,Grassland,AM,0.394703519,8.3,0.104060997,0.019355345,0.046883156,4,420,9.4251204,1537.069946,119.6600037,22.0333004,-15.8999996,308,6,11.8916998,52.9000015,22.0333004,-15.8999996,142,1,308,6,0.333588,1.74845815,0.55814978
46.53,124.43,Seasonally frozen ground,Grassland,AM,0.517596933,8.6,0.104060997,0.023725907,0.038246785,4,420,9.4251204,1537.069946,119.6600037,22.0333004,-15.8999996,308,6,11.8916998,52.9000015,22.0333004,-15.8999996,142,1,308,6,0.333588,1.74845815,0.55814978
46,125.82,Seasonally frozen ground,Grassland,AM,0.586532481,9.3,0.294468994,0.060660613,0.059186084,4.2,475,16.7315006,1518.050049,115.1080017,21.7166996,-15.7666998,337,9,11.8167,52.2000008,21.7166996,-15.7666998,152,2,337,9,0.333588,2.57753304,0.603744493
46,125.82,Seasonally frozen ground,Grassland,AM,0.584936962,9.1,0.294468994,0.074795125,0.048001312,4.2,475,16.7315006,1518.050049,115.1080017,21.7166996,-15.7666998,337,9,11.8167,52.2000008,21.7166996,-15.7666998,152,2,337,9,0.333588,2.57753304,0.603744493
46,125.82,Seasonally frozen ground,Grassland,,0.645201079,8.8,0.294468994,0.066549993,0.053948377,4.2,475,16.7315006,1518.050049,115.1080017,21.7166996,-15.7666998,337,9,11.8167,52.2000008,21.7166996,-15.7666998,152,2,337,9,0.296508,2.57753304,0.603744493
46,125.82,Seasonally frozen ground,Grassland,AM,0.515818543,9.6,0.294468994,0.064783179,0.055419696,4.2,475,16.7315006,1518.050049,115.1080017,21.7166996,-15.7666998,337,9,11.8167,52.2000008,21.7166996,-15.7666998,152,2,337,9,0.296508,2.57753304,0.603744493
46,125.82,Seasonally frozen ground,Grassland,AM,0.672794075,8.8,0.294468994,0.070083621,0.051228291,4.2,475,16.7315006,1518.050049,115.1080017,21.7166996,-15.7666998,337,9,11.8167,52.2000008,21.7166996,-15.7666998,152,2,337,9,0.296508,2.57753304,0.603744493
46,125.82,Seasonally frozen ground,Grassland,AM,0.413711963,9.8,0.294468994,0.068905745,0.052103988,4.2,475,16.7315006,1518.050049,115.1080017,21.7166996,-15.7666998,337,9,11.8167,52.2000008,21.7166996,-15.7666998,152,2,337,9,0.296508,2.57753304,0.603744493
46,125.82,Seasonally frozen ground,Grassland,AM,0.548906472,9,0.294468994,0.068316807,0.05255316,4.2,475,16.7315006,1518.050049,115.1080017,21.7166996,-15.7666998,337,9,11.8167,52.2000008,21.7166996,-15.7666998,152,2,337,9,0.296508,2.57753304,0.603744493
46,125.82,Seasonally frozen ground,Grassland,AM,0.507348624,9.9,0.294468994,0.068316807,0.05255316,4.2,475,16.7315006,1518.050049,115.1080017,21.7166996,-15.7666998,337,9,11.8167,52.2000008,21.7166996,-15.7666998,152,2,337,9,0.296508,2.57753304,0.603744493
47.13,124.83,Seasonally frozen ground,Grassland,AM,0.16070732,10.2,0.383819,0.079834352,0.02658189,4,417.2,12.4636002,1549.780029,120.9229965,21.4666996,-16.8500004,307,6,11.8249998,52.9000015,21.4666996,-16.8500004,141,1,307,6,0.296508,1.78061674,0.520352423
47.13,124.83,Seasonally frozen ground,Grassland,AM,0.200864458,10.5,0.383819,0.089813646,0.023628346,4,417.2,12.4636002,1549.780029,120.9229965,21.4666996,-16.8500004,307,6,11.8249998,52.9000015,21.4666996,-16.8500004,141,1,307,6,0.296508,1.78061674,0.520352423
47.13,124.83,Seasonally frozen ground,Grassland,AM,0.098519258,10.2,0.383819,0.08060199,0.026328729,4,417.2,12.4636002,1549.780029,120.9229965,21.4666996,-16.8500004,307,6,11.8249998,52.9000015,21.4666996,-16.8500004,141,1,307,6,0.31435,1.78061674,0.520352423
47.13,124.83,Seasonally frozen ground,Grassland,AM,0.088896297,10.4,0.383819,0.099025302,0.021430361,4,417.2,12.4636002,1549.780029,120.9229965,21.4666996,-16.8500004,307,6,11.8249998,52.9000015,21.4666996,-16.8500004,141,1,307,6,0.31435,1.78061674,0.520352423
47.13,124.83,Seasonally frozen ground,Grassland,AM,0.214081302,10.1,0.383819,0.073693248,0.028797047,4,417.2,12.4636002,1549.780029,120.9229965,21.4666996,-16.8500004,307,6,11.8249998,52.9000015,21.4666996,-16.8500004,141,1,307,6,0.31435,1.78061674,0.520352423
47.13,124.83,Seasonally frozen ground,Grassland,AM,0.130744096,10.4,0.383819,0.085975456,0.024683183,4,417.2,12.4636002,1549.780029,120.9229965,21.4666996,-16.8500004,307,6,11.8249998,52.9000015,21.4666996,-16.8500004,141,1,307,6,0.31435,1.78061674,0.520352423
47.13,124.83,Seasonally frozen ground,Grassland,AM,0.374250617,9.9,0.383819,0.087510732,0.024250145,4,417.2,12.4636002,1549.780029,120.9229965,21.4666996,-16.8500004,307,6,11.8249998,52.9000015,21.4666996,-16.8500004,141,1,307,6,0.315282,1.78061674,0.520352423
47.13,124.83,Seasonally frozen ground,Grassland,AM,0.27131861,10.3,0.383819,0.10746932,0.019746547,4,417.2,12.4636002,1549.780029,120.9229965,21.4666996,-16.8500004,307,6,11.8249998,52.9000015,21.4666996,-16.8500004,141,1,307,6,0.315282,1.78061674,0.520352423
45.24,124.81,Seasonally frozen ground,Wetland,AM,-0.563455723,7.88,0.34807901,0.032023269,0.138734776,4.6,420.6,9.7454796,1509.819946,118.2450027,22.1667004,-15.1167002,328,8,11.6750002,52,22.1667004,-15.1167002,153,2,328,8,0.315282,1.860792952,0.567004405
45.24,124.81,Seasonally frozen ground,Wetland,AM,-0.684029655,7.88,0.34807901,0.032023269,0.138734776,4.6,420.6,9.7454796,1509.819946,118.2450027,22.1667004,-15.1167002,328,8,11.6750002,52,22.1667004,-15.1167002,153,2,328,8,0.31435,1.860792952,0.567004405
45.19,124.71,Seasonally frozen ground,Grassland,AM,0.536487738,8.98,0.3425,0.104805,0.041711109,4.6,420.6,8.6297798,1491.140015,120.112999,22.0667,-14.7833004,321,8,11.2833004,51.4000015,22.0667,-14.7833004,151,2,321,8,0.31435,2.405286344,0.595550661
45.19,124.71,Seasonally frozen ground,Grassland,AM,0.490472582,8.98,0.3425,0.104805,0.041711109,4.6,420.6,8.6297798,1491.140015,120.112999,22.0667,-14.7833004,321,8,11.2833004,51.4000015,22.0667,-14.7833004,151,2,321,8,0.301521,2.405286344,0.595550661
45.24,124.81,Seasonally frozen ground,Wetland,AM,0.219060332,7.52,0.907,0.083444,0.138734776,4.5,415.4,9.7454796,1509.819946,118.2450027,22.1667004,-15.1167002,328,8,11.6750002,52,22.1667004,-15.1167002,153,2,328,8,0.301521,1.860792952,0.567004405
45.24,124.81,Seasonally frozen ground,Wetland,AM,-0.077648289,7.05,0.748,0.068816,0.138734776,4.5,415.4,9.7454796,1509.819946,118.2450027,22.1667004,-15.1167002,328,8,11.6750002,52,22.1667004,-15.1167002,153,2,328,8,0.301521,1.860792952,0.567004405
46.62,125.86,Seasonally frozen ground,Grassland,AM,0.106653173,8.57,0.387368988,0.123183338,0.035700208,4,428,17.3120995,1540.089966,116.4720001,21.2166996,-16.9167004,335,9,11.4250002,52.2999992,21.2166996,-16.9167004,150,2,335,9,0.301521,1.739207048,0.516211454
46.62,125.86,Seasonally frozen ground,Forest,EcM,0.028408565,7.35,0.387368988,0.121633862,0.036154988,4,428,17.3120995,1540.089966,116.4720001,21.2166996,-16.9167004,335,9,11.4250002,52.2999992,21.2166996,-16.9167004,150,2,335,9,0.301521,1.739207048,0.516211454
46.62,125.86,Seasonally frozen ground,Forest,EcM,0.407815642,7.26,0.387368988,0.120084386,0.036621504,4,428,17.3120995,1540.089966,116.4720001,21.2166996,-16.9167004,335,9,11.4250002,52.2999992,21.2166996,-16.9167004,150,2,335,9,0.270141,1.739207048,0.516211454
46.62,125.86,Seasonally frozen ground,Forest,AM,0.331439444,7.87,0.387368988,0.11853491,0.037100216,4,428,17.3120995,1540.089966,116.4720001,21.2166996,-16.9167004,335,9,11.4250002,52.2999992,21.2166996,-16.9167004,150,2,335,9,0.270141,1.739207048,0.516211454
46.62,125.86,Seasonally frozen ground,Forest,EcM,0.234122291,6.76,0.387368988,0.121633862,0.036154988,4,428,17.3120995,1540.089966,116.4720001,21.2166996,-16.9167004,335,9,11.4250002,52.2999992,21.2166996,-16.9167004,150,2,335,9,0.298022,1.739207048,0.516211454
45.6,124.85,Seasonally frozen ground,Grassland,AM,0.386677284,10.2,0.362279999,0.1014384,0.051533331,4.3,410,12.4492998,1515.199951,120.4290009,22.2667007,-15.1332998,322,7,11.7833004,52.4000015,22.2667007,-15.1332998,151,2,322,7,0.368896,1.381497797,0.496431718
45.6,124.85,Seasonally frozen ground,Grassland,AM,0.522704993,9.7,0.362279999,0.1014384,0.051533331,4.3,410,12.4492998,1515.199951,120.4290009,22.2667007,-15.1332998,322,7,11.7833004,52.4000015,22.2667007,-15.1332998,151,2,322,7,0.304837,1.381497797,0.496431718
45.6,124.85,Seasonally frozen ground,Grassland,AM,0.455758203,9.9,0.362279999,0.1014384,0.051533331,4.3,410,12.4492998,1515.199951,120.4290009,22.2667007,-15.1332998,322,7,11.7833004,52.4000015,22.2667007,-15.1332998,151,2,322,7,0.304837,1.381497797,0.496431718
45.6,124.85,Seasonally frozen ground,Grassland,AM,0.629001619,9.4,0.362279999,0.1014384,0.051533331,4.3,410,12.4492998,1515.199951,120.4290009,22.2667007,-15.1332998,322,7,11.7833004,52.4000015,22.2667007,-15.1332998,151,2,322,7,0.400008,1.381497797,0.496431718
45.6,124.85,Seasonally frozen ground,Grassland,AM,0.691435152,8.4,0.362279999,0.0941928,0.055497434,4.3,410,12.4492998,1515.199951,120.4290009,22.2667007,-15.1332998,322,7,11.7833004,52.4000015,22.2667007,-15.1332998,151,2,322,7,0.400008,1.381497797,0.496431718
48,134.33,Seasonally frozen ground,Forest,EcM,0.957825576,4.84,0.208473999,0.036691424,0.085996967,2.2,600,24.1355991,1578.030029,84.865799,19.9666996,-19.0499992,368,32,10.8500004,53.5999985,19.9666996,-19.0499992,146,8,368,32,0.400008,2.611894273,0.58
47.78,133.67,Seasonally frozen ground,Wetland,NM,1.162110161,4.41,0.247270996,0.067257711,0.034851472,1.9,585,14.2486,1562.380005,85.5875015,19.5,-19.0667,347,29,11.0082998,53.2000008,19.5,-19.0667,139,8,347,29,0.304837,3.079295154,0.691629956
47.78,133.68,Seasonally frozen ground,Wetland,NM,0.916284143,5.45,0.247270996,0.067257711,0.034851472,2.3,454,14.7769003,1564.209961,85.7233963,19.5333004,-19.0832996,348,29,11.0333004,53.4000015,19.5333004,-19.0832996,139,8,348,29,0.304837,2.823788546,0.680440529
47.78,133.68,Seasonally frozen ground,Forest,EcM,0.729638274,5.85,0.247270996,0.067257711,0.034851472,2.3,454,14.7769003,1564.209961,85.7233963,19.5333004,-19.0832996,348,29,11.0333004,53.4000015,19.5333004,-19.0832996,139,8,348,29,0.304837,2.823788546,0.680440529
47.58,133.52,Seasonally frozen ground,Wetland,NM,1.045083464,5.52,2.807,0.263858,0.100846811,2.5,558,21.0009003,1566.76001,86.3098984,19.9832993,-18.75,340,27,10.7166996,53.0999985,19.9832993,-18.75,136,7,340,27,0.376252,1.891629956,0.558898678
47.58,133.52,Seasonally frozen ground,Wetland,NM,1.067361777,5.64,1.893,0.291522,0.061555846,2.5,558,21.0009003,1566.76001,86.3098984,19.9832993,-18.75,340,27,10.7166996,53.0999985,19.9832993,-18.75,136,7,340,27,0.304837,1.891629956,0.558898678
47.76,133.62,Seasonally frozen ground,Wetland,NM,1.025417293,5.64,0.451065002,0.100136431,0.042700902,1.9,600,14.8360996,1569.630005,85.6098022,19.6333008,-19.1166992,347,30,10.9417,53.2999992,19.6333008,-19.1166992,138,8,347,30,0.304837,2.777973568,0.680572687
47.76,133.62,Seasonally frozen ground,Wetland,NM,0.908883743,5.83,0.451065002,0.100136431,0.042700902,1.9,600,14.8360996,1569.630005,85.6098022,19.6333008,-19.1166992,347,30,10.9417,53.2999992,19.6333008,-19.1166992,138,8,347,30,0.378729,2.777973568,0.680572687
47.78,133.67,Seasonally frozen ground,Wetland,NM,0.954265671,6,0.247270996,0.067257711,0.034851472,1.9,585,14.2486,1562.380005,85.5875015,19.5,-19.0667,347,29,11.0082998,53.2000008,19.5,-19.0667,139,8,347,29,0.378729,3.079295154,0.691629956
47.58,133.52,Seasonally frozen ground,Wetland,NM,0.460963959,6.6999998,0.42326,0.09396372,0.08932,11,600,21.0009003,1566.76001,86.3098984,19.9832993,-18.75,340,27,10.7166996,53.0999985,19.9832993,-18.75,136,7,340,27,0.378729,1.891629956,0.558898678
47.58,133.52,Seasonally frozen ground,Grassland,NM,0.357500335,6.6999998,0.40125,0.0890775,0.07215,11,600,21.0009003,1566.76001,86.3098984,19.9832993,-18.75,340,27,10.7166996,53.0999985,19.9832993,-18.75,136,7,340,27,0.378729,1.891629956,0.558898678
47.58,133.52,Seasonally frozen ground,Forest,EcM,0.164578868,6.6999998,0.35629,0.07909638,0.04302,11,600,21.0009003,1566.76001,86.3098984,19.9832993,-18.75,340,27,10.7166996,53.0999985,19.9832993,-18.75,136,7,340,27,0.378729,1.891629956,0.558898678
47.76,133.67,Seasonally frozen ground,Wetland,AM,1.14527847,5.4,1.86244,0.50658368,0.15728,1.9,585,14.9361,1564.119995,85.6080017,19.5333004,-19.0832996,347,30,11.0583,53.2999992,19.5333004,-19.0832996,139,8,347,30,0.378729,2.592511013,0.657577093
47.58,133.52,Seasonally frozen ground,Wetland,AM,1.326992542,5.49,2.628,0.583416,0.042700902,2.5,575,21.0009003,1566.76001,86.3098984,19.9832993,-18.75,340,27,10.7166996,53.0999985,19.9832993,-18.75,136,7,340,27,0.378729,1.891629956,0.558898678
47.58,133.52,Seasonally frozen ground,Wetland,AM,1.158731486,5.73,2.172,0.482184,0.042700902,2.5,575,21.0009003,1566.76001,86.3098984,19.9832993,-18.75,340,27,10.7166996,53.0999985,19.9832993,-18.75,136,7,340,27,0.378729,1.891629956,0.558898678
47.78,133.67,Seasonally frozen ground,Wetland,NM,1.23802602,6,2.227,0.605744,0.121,1.7,600,14.2486,1562.380005,85.5875015,19.5,-19.0667,347,29,11.0082998,53.2000008,19.5,-19.0667,139,8,347,29,0.378729,3.079295154,0.691629956
47.78,133.67,Seasonally frozen ground,Wetland,NM,0.839402621,6,1.489,0.405008,0.068,1.7,600,14.2486,1562.380005,85.5875015,19.5,-19.0667,347,29,11.0082998,53.2000008,19.5,-19.0667,139,8,347,29,0.378729,3.079295154,0.691629956
47.78,133.67,Seasonally frozen ground,Wetland,NM,1.230448921,6,2.723,0.740656,0.135,1.7,600,14.2486,1562.380005,85.5875015,19.5,-19.0667,347,29,11.0082998,53.2000008,19.5,-19.0667,139,8,347,29,0.378729,3.079295154,0.691629956
47.78,133.67,Seasonally frozen ground,Wetland,NM,0.680081572,6,0.567,0.154224,0.046,1.7,600,14.2486,1562.380005,85.5875015,19.5,-19.0667,347,29,11.0082998,53.2000008,19.5,-19.0667,139,8,347,29,0.378729,3.079295154,0.691629956
47.78,133.67,Seasonally frozen ground,Wetland,AM,0.829020585,6,0.411,0.111792,0.016,1.7,600,14.2486,1562.380005,85.5875015,19.5,-19.0667,347,29,11.0082998,53.2000008,19.5,-19.0667,139,8,347,29,0.378729,3.079295154,0.691629956
47.78,133.67,Seasonally frozen ground,Wetland,AM,0.610660163,6,0.34,0.09248,0.015,1.7,600,14.2486,1562.380005,85.5875015,19.5,-19.0667,347,29,11.0082998,53.2000008,19.5,-19.0667,139,8,347,29,0.378729,3.079295154,0.691629956
47.78,133.67,Seasonally frozen ground,Wetland,AM,0.667565014,6,0.411,0.111792,0.015,1.7,600,14.2486,1562.380005,85.5875015,19.5,-19.0667,347,29,11.0082998,53.2000008,19.5,-19.0667,139,8,347,29,0.378729,3.079295154,0.691629956
47.78,133.67,Seasonally frozen ground,Wetland,AM,0.510115865,6,0.142,0.038624,0.009,1.7,600,14.2486,1562.380005,85.5875015,19.5,-19.0667,347,29,11.0082998,53.2000008,19.5,-19.0667,139,8,347,29,0.378729,3.079295154,0.691629956
47.78,133.67,Seasonally frozen ground,Wetland,NM,1.237821115,5.23,2.227,0.605744,0.121,1.7,600,14.2486,1562.380005,85.5875015,19.5,-19.0667,347,29,11.0082998,53.2000008,19.5,-19.0667,139,8,347,29,0.378729,3.079295154,0.691629956
47.78,133.67,Seasonally frozen ground,Wetland,NM,0.83974445,5.45,1.489,0.405008,0.068,1.7,600,14.2486,1562.380005,85.5875015,19.5,-19.0667,347,29,11.0082998,53.2000008,19.5,-19.0667,139,8,347,29,0.378729,3.079295154,0.691629956
47.78,133.67,Seasonally frozen ground,Wetland,NM,1.230587873,5.32,2.723,0.740656,0.135,1.7,600,14.2486,1562.380005,85.5875015,19.5,-19.0667,347,29,11.0082998,53.2000008,19.5,-19.0667,139,8,347,29,0.337865,3.079295154,0.691629956
47.78,133.67,Seasonally frozen ground,Wetland,NM,0.679340666,5.58,0.567,0.154224,0.046,1.7,600,14.2486,1562.380005,85.5875015,19.5,-19.0667,347,29,11.0082998,53.2000008,19.5,-19.0667,139,8,347,29,0.337865,3.079295154,0.691629956
47.78,133.67,Seasonally frozen ground,Wetland,AM,0.829720496,5.6,0.411,0.111792,0.016,1.7,600,14.2486,1562.380005,85.5875015,19.5,-19.0667,347,29,11.0082998,53.2000008,19.5,-19.0667,139,8,347,29,0.337865,3.079295154,0.691629956
47.78,133.67,Seasonally frozen ground,Wetland,AM,0.610080717,5.72,0.34,0.09248,0.015,1.7,600,14.2486,1562.380005,85.5875015,19.5,-19.0667,347,29,11.0082998,53.2000008,19.5,-19.0667,139,8,347,29,0.337865,3.079295154,0.691629956
47.78,133.67,Seasonally frozen ground,Wetland,AM,0.667565014,5.6,0.411,0.111792,0.015,1.7,600,14.2486,1562.380005,85.5875015,19.5,-19.0667,347,29,11.0082998,53.2000008,19.5,-19.0667,139,8,347,29,0.337865,3.079295154,0.691629956
47.78,133.67,Seasonally frozen ground,Wetland,AM,0.511573231,5.48,0.142,0.038624,0.009,1.7,600,14.2486,1562.380005,85.5875015,19.5,-19.0667,347,29,11.0082998,53.2000008,19.5,-19.0667,139,8,347,29,0.337865,3.079295154,0.691629956
46.77,132.25,Seasonally frozen ground,Wetland,AM,0.570584966,6.37,0.360813995,0.004329768,0.64096668,1.9,550,9.3055,1483.339966,88.0551987,20.4832993,-16.1667004,310,21,10.2582998,51.0999985,20.4832993,-16.1667004,123,5,310,21,0.337865,1.901321586,0.583964758
46.77,132.25,Seasonally frozen ground,Wetland,AM,0.731427587,6.38,0.360813995,0.00721628,0.384580008,1.9,550,9.3055,1483.339966,88.0551987,20.4832993,-16.1667004,310,21,10.2582998,51.0999985,20.4832993,-16.1667004,123,5,310,21,0.337865,1.901321586,0.583964758
46.77,132.25,Seasonally frozen ground,Wetland,AM,0.951030392,6.39,0.360813995,0.010102792,0.274700006,1.9,550,9.3055,1483.339966,88.0551987,20.4832993,-16.1667004,310,21,10.2582998,51.0999985,20.4832993,-16.1667004,123,5,310,21,0.337865,1.901321586,0.583964758
46.77,132.25,Seasonally frozen ground,Wetland,AM,0.896548262,6.6,0.360813995,0.015875816,0.174809095,1.9,550,9.3055,1483.339966,88.0551987,20.4832993,-16.1667004,310,21,10.2582998,51.0999985,20.4832993,-16.1667004,123,5,310,21,0.337865,1.901321586,0.583964758
46.77,132.25,Seasonally frozen ground,Wetland,AM,0.676678981,6.46,0.360813995,0.004329768,0.64096668,1.9,550,9.3055,1483.339966,88.0551987,20.4832993,-16.1667004,310,21,10.2582998,51.0999985,20.4832993,-16.1667004,123,5,310,21,0.337865,1.901321586,0.583964758
46.77,132.25,Seasonally frozen ground,Wetland,AM,0.811414126,6.54,0.360813995,0.005773024,0.48072501,1.9,550,9.3055,1483.339966,88.0551987,20.4832993,-16.1667004,310,21,10.2582998,51.0999985,20.4832993,-16.1667004,123,5,310,21,0.337865,1.901321586,0.583964758
46.77,132.25,Seasonally frozen ground,Wetland,AM,0.870570099,6.62,0.360813995,0.006494652,0.42731112,1.9,550,9.3055,1483.339966,88.0551987,20.4832993,-16.1667004,310,21,10.2582998,51.0999985,20.4832993,-16.1667004,123,5,310,21,0.337865,1.901321586,0.583964758
46.77,132.25,Seasonally frozen ground,Wetland,AM,0.908324139,6.51,0.360813995,0.00721628,0.384580008,1.9,550,9.3055,1483.339966,88.0551987,20.4832993,-16.1667004,310,21,10.2582998,51.0999985,20.4832993,-16.1667004,123,5,310,21,0.337865,1.901321586,0.583964758
46.71,132.14,Seasonally frozen ground,Wetland,NM,0.956480588,6.6999998,0.348713013,0.077414289,0.034646848,2,570,17.3008995,1485.52002,89.1446991,20.7332993,-16,308,19,10.75,51.0999985,20.7332993,-16,121,5,308,19,0.370587,1.656828194,0.491497797
46.71,132.14,Seasonally frozen ground,Wetland,NM,0.928530012,6.6999998,0.348713013,0.077414289,0.034646848,2,570,17.3008995,1485.52002,89.1446991,20.7332993,-16,308,19,10.75,51.0999985,20.7332993,-16,121,5,308,19,0.370587,1.656828194,0.491497797
46.71,132.14,Seasonally frozen ground,Wetland,NM,0.836873284,6.6999998,0.348713013,0.077414289,0.034646848,2,570,17.3008995,1485.52002,89.1446991,20.7332993,-16,308,19,10.75,51.0999985,20.7332993,-16,121,5,308,19,0.370587,1.656828194,0.491497797
46.7,132.17,Seasonally frozen ground,Wetland,AM,0.989114178,6.6999998,0.349380005,0.077562361,0.034646848,2,570,16.9839993,1483.420044,89.7689972,20.7166996,-15.9666996,308,19,10.6999998,51.0999985,20.7166996,-15.9666996,120,5,308,19,0.304837,2.104405286,0.534096916
46.7,132.17,Seasonally frozen ground,Wetland,AM,0.837854741,6.6999998,0.349380005,0.077562361,0.034646848,2,570,16.9839993,1483.420044,89.7689972,20.7166996,-15.9666996,308,19,10.6999998,51.0999985,20.7166996,-15.9666996,120,5,308,19,0.304837,2.104405286,0.534096916
46.7,132.17,Seasonally frozen ground,Wetland,AM,0.71015292,6.6999998,0.349380005,0.077562361,0.034646848,2,570,16.9839993,1483.420044,89.7689972,20.7166996,-15.9666996,308,19,10.6999998,51.0999985,20.7166996,-15.9666996,120,5,308,19,0.304471,2.104405286,0.534096916
46.7,132.17,Seasonally frozen ground,Wetland,AM,1.010242273,6.6999998,0.349380005,0.077562361,0.034646848,2,570,16.9839993,1483.420044,89.7689972,20.7166996,-15.9666996,308,19,10.6999998,51.0999985,20.7166996,-15.9666996,120,5,308,19,0.304471,2.104405286,0.534096916
46.7,132.17,Seasonally frozen ground,Wetland,AM,1.033525079,6.6999998,0.349380005,0.077562361,0.034646848,2,570,16.9839993,1483.420044,89.7689972,20.7166996,-15.9666996,308,19,10.6999998,51.0999985,20.7166996,-15.9666996,120,5,308,19,0.304471,2.104405286,0.534096916
46.7,132.17,Seasonally frozen ground,Wetland,AM,0.961039317,6.6999998,0.349380005,0.077562361,0.034646848,2,570,16.9839993,1483.420044,89.7689972,20.7166996,-15.9666996,308,19,10.6999998,51.0999985,20.7166996,-15.9666996,120,5,308,19,0.304471,2.104405286,0.534096916
46.72,132.19,Seasonally frozen ground,Wetland,NM,0.991185303,6.6999998,0.352303986,0.078211485,0.034646848,2,570,11.6364002,1481.920044,88.8367996,20.6166992,-16.0167007,308,19,10.5667,51,20.6166992,-16.0167007,121,5,308,19,0.304471,2.602643172,0.654977974
46.72,132.19,Seasonally frozen ground,Wetland,NM,0.855286501,6.6999998,0.352303986,0.078211485,0.034646848,2,570,11.6364002,1481.920044,88.8367996,20.6166992,-16.0167007,308,19,10.5667,51,20.6166992,-16.0167007,121,5,308,19,0.304471,2.602643172,0.654977974
46.72,132.19,Seasonally frozen ground,Wetland,NM,0.705998767,6.6999998,0.352303986,0.078211485,0.034646848,2,570,11.6364002,1481.920044,88.8367996,20.6166992,-16.0167007,308,19,10.5667,51,20.6166992,-16.0167007,121,5,308,19,0.304471,2.602643172,0.654977974
47.58,133.52,Seasonally frozen ground,Wetland,NM,0.97982143,6.6999998,0.442911011,0.098326244,0.042700902,1.9,570,21.0009003,1566.76001,86.3098984,19.9832993,-18.75,340,27,10.7166996,53.0999985,19.9832993,-18.75,136,7,340,27,0.304471,1.891629956,0.558898678
47.58,133.52,Seasonally frozen ground,Wetland,NM,0.787262057,6.6999998,0.442911011,0.098326244,0.042700902,1.9,570,21.0009003,1566.76001,86.3098984,19.9832993,-18.75,340,27,10.7166996,53.0999985,19.9832993,-18.75,136,7,340,27,0.304471,1.891629956,0.558898678
47.58,133.48,Seasonally frozen ground,Wetland,NM,1.077043608,6.1999998,1.743,0.526386,0.0263532,2,600,22.4302006,1564.98999,86.1194992,19.9167004,-18.7667007,338,27,10.6750002,53.0999985,19.9167004,-18.7667007,135,7,338,27,0.304471,2.033480176,0.575418502
47.58,133.48,Seasonally frozen ground,Wetland,NM,1.066706745,6.1999998,1.285,0.38807,0.0263532,2,600,22.4302006,1564.98999,86.1194992,19.9167004,-18.7667007,338,27,10.6750002,53.0999985,19.9167004,-18.7667007,135,7,338,27,0.304837,2.033480176,0.575418502
47.58,133.48,Seasonally frozen ground,Wetland,NM,1.123360905,6.1999998,1.451,0.438202,0.0263532,2,600,22.4302006,1564.98999,86.1194992,19.9167004,-18.7667007,338,27,10.6750002,53.0999985,19.9167004,-18.7667007,135,7,338,27,0.304837,2.033480176,0.575418502
47.58,133.48,Seasonally frozen ground,Wetland,NM,1.186383299,6.1999998,2.361,0.713022,0.0263532,2,600,22.4302006,1564.98999,86.1194992,19.9167004,-18.7667007,338,27,10.6750002,53.0999985,19.9167004,-18.7667007,135,7,338,27,0.304837,2.033480176,0.575418502
47.58,133.48,Seasonally frozen ground,Wetland,NM,1.106552602,6.1999998,1.139,0.343978,0.0263532,2,600,22.4302006,1564.98999,86.1194992,19.9167004,-18.7667007,338,27,10.6750002,53.0999985,19.9167004,-18.7667007,135,7,338,27,0.304837,2.033480176,0.575418502
47.58,133.48,Seasonally frozen ground,Wetland,NM,1.235729388,6.1999998,1.993,0.601886,0.0263532,2,600,22.4302006,1564.98999,86.1194992,19.9167004,-18.7667007,338,27,10.6750002,53.0999985,19.9167004,-18.7667007,135,7,338,27,0.304837,2.033480176,0.575418502
47.58,133.48,Seasonally frozen ground,Wetland,NM,0.640775505,6.1999998,0.326,0.098452,0.0263532,2,600,22.4302006,1564.98999,86.1194992,19.9167004,-18.7667007,338,27,10.6750002,53.0999985,19.9167004,-18.7667007,135,7,338,27,0.304837,2.033480176,0.575418502
47.58,133.48,Seasonally frozen ground,Wetland,NM,0.976521462,6.1999998,1.819,0.549338,0.0263532,2,600,22.4302006,1564.98999,86.1194992,19.9167004,-18.7667007,338,27,10.6750002,53.0999985,19.9167004,-18.7667007,135,7,338,27,0.304837,2.033480176,0.575418502
47.58,133.48,Seasonally frozen ground,Wetland,NM,1.12699848,6.1999998,1.132,0.341864,0.0263532,2,600,22.4302006,1564.98999,86.1194992,19.9167004,-18.7667007,338,27,10.6750002,53.0999985,19.9167004,-18.7667007,135,7,338,27,0.304837,2.033480176,0.575418502
47.58,133.48,Seasonally frozen ground,Wetland,NM,1.114080968,6.1999998,1.681,0.507662,0.0263532,2,600,22.4302006,1564.98999,86.1194992,19.9167004,-18.7667007,338,27,10.6750002,53.0999985,19.9167004,-18.7667007,135,7,338,27,0.304837,2.033480176,0.575418502
47.58,133.52,Seasonally frozen ground,Wetland,NM,1.131255424,6.6999998,2.095,0.46509,0.042700902,1.9,575,21.0009003,1566.76001,86.3098984,19.9832993,-18.75,340,27,10.7166996,53.0999985,19.9832993,-18.75,136,7,340,27,0.297425,1.891629956,0.558898678
47.58,133.52,Seasonally frozen ground,Wetland,NM,0.942510055,6.6999998,1.055,0.23421,0.042700902,1.9,575,21.0009003,1566.76001,86.3098984,19.9832993,-18.75,340,27,10.7166996,53.0999985,19.9832993,-18.75,136,7,340,27,0.297425,1.891629956,0.558898678
47.58,133.63,Seasonally frozen ground,Wetland,NM,1.156609113,6.1999998,1.135,0.34277,0.031389405,1.9,575,23.6172009,1565.390015,85.9023972,19.8999996,-18.7999992,340,27,10.7417002,53.0999985,19.8999996,-18.7999992,136,7,340,27,0.304837,2.211894273,0.549735683
47.58,133.63,Seasonally frozen ground,Wetland,NM,0.899467016,6.1999998,0.537,0.162174,0.031389405,1.9,575,23.6172009,1565.390015,85.9023972,19.8999996,-18.7999992,340,27,10.7417002,53.0999985,19.8999996,-18.7999992,136,7,340,27,0.304837,2.211894273,0.549735683
47.58,133.52,Seasonally frozen ground,Wetland,AM,1.775943777,5.8,0.442911011,0.098326244,0.042700902,1.9,575,21.0009003,1566.76001,86.3098984,19.9832993,-18.75,340,27,10.7166996,53.0999985,19.9832993,-18.75,136,7,340,27,0.304837,1.891629956,0.558898678
47.58,133.52,Seasonally frozen ground,Wetland,NM,1.370016893,5.7,0.442911011,0.098326244,0.042700902,1.9,575,21.0009003,1566.76001,86.3098984,19.9832993,-18.75,340,27,10.7166996,53.0999985,19.9832993,-18.75,136,7,340,27,0.304837,1.891629956,0.558898678
47.25,133.75,Seasonally frozen ground,Wetland,NM,1.313713714,5.68,2.14,0.63344,0.134,1.9,575,26.0391998,1537.290039,80.4633026,20.1499996,-17.8666992,333,30,11.2749996,53,20.1499996,-17.8666992,132,8,333,30,0.304837,1.516299559,0.479515419
47.35,133.72,Seasonally frozen ground,Wetland,NM,1.267935415,5.59,1.948,0.576608,0.221,1.9,575,22.4941006,1549.609985,84.3271027,19.9333,-18.3500004,333,27,11.0082998,53,19.9333,-18.3500004,134,7,333,27,0.306186,2.518942731,0.614008811
47.77,133.58,Seasonally frozen ground,Wetland,NM,1.358586181,5.43,2.324,0.701848,0.167,1.9,575,23.2588005,1578.77002,86.3401031,19.7833004,-19.2000008,348,27,10.7833004,53.4000015,19.7833004,-19.2000008,138,7,348,27,0.306186,2.325991189,0.582863436
47.58,133.52,Seasonally frozen ground,Wetland,NM,1.083147729,5.71,1.722,0.382284,0.177,1.9,575,21.0009003,1566.76001,86.3098984,19.9832993,-18.75,340,27,10.7166996,53.0999985,19.9832993,-18.75,136,7,340,27,0.306186,1.891629956,0.558898678
47.58,133.52,Seasonally frozen ground,Wetland,NM,1.02057092,5.89,1.087,0.241314,0.141,1.9,575,21.0009003,1566.76001,86.3098984,19.9832993,-18.75,340,27,10.7166996,53.0999985,19.9832993,-18.75,136,7,340,27,0.306186,1.891629956,0.558898678
47.58,133.52,Seasonally frozen ground,Wetland,NM,1.004364371,5.53,0.442911011,0.098326244,0.042700902,1.9,575,21.0009003,1566.76001,86.3098984,19.9832993,-18.75,340,27,10.7166996,53.0999985,19.9832993,-18.75,136,7,340,27,0.306186,1.891629956,0.558898678
47.58,133.52,Seasonally frozen ground,Wetland,NM,1.007408059,5.73,0.442911011,0.098326244,0.042700902,1.9,575,21.0009003,1566.76001,86.3098984,19.9832993,-18.75,340,27,10.7166996,53.0999985,19.9832993,-18.75,136,7,340,27,0.306186,1.891629956,0.558898678
47.58,133.52,Seasonally frozen ground,Wetland,NM,1.001587481,5.76,0.442911011,0.098326244,0.042700902,1.9,575,21.0009003,1566.76001,86.3098984,19.9832993,-18.75,340,27,10.7166996,53.0999985,19.9832993,-18.75,136,7,340,27,0.306186,1.891629956,0.558898678
47.58,133.52,Seasonally frozen ground,Wetland,NM,1.006364196,5.78,0.442911011,0.098326244,0.042700902,1.9,575,21.0009003,1566.76001,86.3098984,19.9832993,-18.75,340,27,10.7166996,53.0999985,19.9832993,-18.75,136,7,340,27,0.306186,1.891629956,0.558898678
47.58,133.52,Seasonally frozen ground,Wetland,NM,1.009676908,5.6,0.442911011,0.098326244,0.042700902,1.9,575,21.0009003,1566.76001,86.3098984,19.9832993,-18.75,340,27,10.7166996,53.0999985,19.9832993,-18.75,136,7,340,27,0.306186,1.891629956,0.558898678
47.58,133.5,Seasonally frozen ground,Wetland,NM,0.979968809,6.1999998,0.725,0.21895,0.0263532,1.9,575,21.4880009,1565.540039,86.0130005,19.9333,-18.7667007,338,27,10.6833,53.0999985,19.9333,-18.7667007,135,7,338,27,0.306186,1.633920705,0.525154185
47.58,133.5,Seasonally frozen ground,Wetland,NM,0.948058734,6.1999998,0.662,0.199924,0.0263532,1.9,575,21.4880009,1565.540039,86.0130005,19.9333,-18.7667007,338,27,10.6833,53.0999985,19.9333,-18.7667007,135,7,338,27,0.306186,1.633920705,0.525154185
47.58,133.5,Seasonally frozen ground,Wetland,NM,0.965728369,6.1999998,1.056,0.318912,0.0263532,1.9,575,21.4880009,1565.540039,86.0130005,19.9333,-18.7667007,338,27,10.6833,53.0999985,19.9333,-18.7667007,135,7,338,27,0.306186,1.633920705,0.525154185
47.58,133.5,Seasonally frozen ground,Wetland,NM,0.918707476,6.1999998,0.783,0.236466,0.0263532,1.9,575,21.4880009,1565.540039,86.0130005,19.9333,-18.7667007,338,27,10.6833,53.0999985,19.9333,-18.7667007,135,7,338,27,0.306186,1.633920705,0.525154185
47.58,133.5,Seasonally frozen ground,Wetland,NM,0.986917669,6.1999998,0.533,0.160966,0.0263532,1.9,575,21.4880009,1565.540039,86.0130005,19.9333,-18.7667007,338,27,10.6833,53.0999985,19.9333,-18.7667007,135,7,338,27,0.306186,1.633920705,0.525154185
47.58,133.5,Seasonally frozen ground,Wetland,NM,0.92389549,6.1999998,0.449,0.135598,0.0263532,1.9,575,21.4880009,1565.540039,86.0130005,19.9333,-18.7667007,338,27,10.6833,53.0999985,19.9333,-18.7667007,135,7,338,27,0.306186,1.633920705,0.525154185
47.58,133.5,Seasonally frozen ground,Wetland,NM,0.974995917,6.1999998,0.513,0.154926,0.0263532,1.9,575,21.4880009,1565.540039,86.0130005,19.9333,-18.7667007,338,27,10.6833,53.0999985,19.9333,-18.7667007,135,7,338,27,0.306186,1.633920705,0.525154185
47.58,133.5,Seasonally frozen ground,Wetland,NM,0.929022259,6.1999998,0.455,0.13741,0.0263532,1.9,575,21.4880009,1565.540039,86.0130005,19.9333,-18.7667007,338,27,10.6833,53.0999985,19.9333,-18.7667007,135,7,338,27,0.306186,1.633920705,0.525154185
47.58,133.5,Seasonally frozen ground,Wetland,NM,1.001667958,6.1999998,1.452,0.438504,0.0263532,1.9,575,21.4880009,1565.540039,86.0130005,19.9333,-18.7667007,338,27,10.6833,53.0999985,19.9333,-18.7667007,135,7,338,27,0.306186,1.633920705,0.525154185
47.58,133.5,Seasonally frozen ground,Wetland,NM,0.975412506,6.1999998,1.017,0.307134,0.0263532,1.9,575,21.4880009,1565.540039,86.0130005,19.9333,-18.7667007,338,27,10.6833,53.0999985,19.9333,-18.7667007,135,7,338,27,0.306186,1.633920705,0.525154185
47.58,133.5,Seasonally frozen ground,Wetland,NM,1.461508431,6.1999998,2.527,0.763154,0.0263532,1.9,575,21.4880009,1565.540039,86.0130005,19.9333,-18.7667007,338,27,10.6833,53.0999985,19.9333,-18.7667007,135,7,338,27,0.306186,1.633920705,0.525154185
47.58,133.5,Seasonally frozen ground,Wetland,NM,1.175838716,6.1999998,2.31,0.69762,0.0263532,1.9,575,21.4880009,1565.540039,86.0130005,19.9333,-18.7667007,338,27,10.6833,53.0999985,19.9333,-18.7667007,135,7,338,27,0.306186,1.633920705,0.525154185
47.58,133.5,Seasonally frozen ground,Wetland,NM,1.449609208,6.1999998,2.628,0.793656,0.0263532,1.9,575,21.4880009,1565.540039,86.0130005,19.9333,-18.7667007,338,27,10.6833,53.0999985,19.9333,-18.7667007,135,7,338,27,0.306186,1.633920705,0.525154185
47.58,133.5,Seasonally frozen ground,Wetland,NM,1.215526002,6.1999998,2.282,0.689164,0.0263532,1.9,575,21.4880009,1565.540039,86.0130005,19.9333,-18.7667007,338,27,10.6833,53.0999985,19.9333,-18.7667007,135,7,338,27,0.306186,1.633920705,0.525154185
47.58,133.5,Seasonally frozen ground,Wetland,NM,1.437374751,6.1999998,1.964,0.593128,0.0263532,1.9,575,21.4880009,1565.540039,86.0130005,19.9333,-18.7667007,338,27,10.6833,53.0999985,19.9333,-18.7667007,135,7,338,27,0.306186,1.633920705,0.525154185
47.58,133.5,Seasonally frozen ground,Wetland,NM,1.215526002,6.1999998,1.473,0.444846,0.0263532,1.9,575,21.4880009,1565.540039,86.0130005,19.9333,-18.7667007,338,27,10.6833,53.0999985,19.9333,-18.7667007,135,7,338,27,0.306186,1.633920705,0.525154185
47.58,133.5,Seasonally frozen ground,Wetland,NM,1.457547649,6.1999998,2.079,0.627858,0.0263532,1.9,575,21.4880009,1565.540039,86.0130005,19.9333,-18.7667007,338,27,10.6833,53.0999985,19.9333,-18.7667007,135,7,338,27,0.304837,1.633920705,0.525154185
47.58,133.5,Seasonally frozen ground,Wetland,NM,1.179584534,6.1999998,1.964,0.593128,0.0263532,1.9,575,21.4880009,1565.540039,86.0130005,19.9333,-18.7667007,338,27,10.6833,53.0999985,19.9333,-18.7667007,135,7,338,27,0.304837,1.633920705,0.525154185
47.58,133.5,Seasonally frozen ground,Wetland,NM,1.461508431,6.1999998,3.856,1.164512,0.0263532,1.9,575,21.4880009,1565.540039,86.0130005,19.9333,-18.7667007,338,27,10.6833,53.0999985,19.9333,-18.7667007,135,7,338,27,0.304837,1.633920705,0.525154185
47.58,133.5,Seasonally frozen ground,Wetland,NM,1.205019668,6.1999998,3.134,0.946468,0.0263532,1.9,575,21.4880009,1565.540039,86.0130005,19.9333,-18.7667007,338,27,10.6833,53.0999985,19.9333,-18.7667007,135,7,338,27,0.304837,1.633920705,0.525154185
47.58,133.52,Seasonally frozen ground,Wetland,NM,1.029156424,6.6999998,0.442911011,0.042519457,0.098745836,1.9,600,21.0009003,1566.76001,86.3098984,19.9832993,-18.75,340,27,10.7166996,53.0999985,19.9832993,-18.75,136,7,340,27,0.304837,1.891629956,0.558898678
47.58,133.52,Seasonally frozen ground,Wetland,NM,0.874344956,6.6999998,0.442911011,0.047834389,0.087774077,1.9,600,21.0009003,1566.76001,86.3098984,19.9832993,-18.75,340,27,10.7166996,53.0999985,19.9832993,-18.75,136,7,340,27,0.304837,1.891629956,0.558898678
47.58,133.52,Seasonally frozen ground,Wetland,NM,0.8722099,6.6999998,0.442911011,0.047834389,0.087774077,1.9,600,21.0009003,1566.76001,86.3098984,19.9832993,-18.75,340,27,10.7166996,53.0999985,19.9832993,-18.75,136,7,340,27,0.304837,1.891629956,0.558898678
47.58,133.52,Seasonally frozen ground,Wetland,NM,0.717815244,6.6999998,0.442911011,0.077066516,0.054480461,1.9,600,21.0009003,1566.76001,86.3098984,19.9832993,-18.75,340,27,10.7166996,53.0999985,19.9832993,-18.75,136,7,340,27,0.304837,1.891629956,0.558898678
47.58,133.52,Seasonally frozen ground,Forest,EcM,0.81646005,6.6999998,0.442911011,0.057578431,0.072920002,1.9,600,21.0009003,1566.76001,86.3098984,19.9832993,-18.75,340,27,10.7166996,53.0999985,19.9832993,-18.75,136,7,340,27,0.304837,1.891629956,0.558898678
47.58,133.52,Seasonally frozen ground,Forest,EcM,0.601886239,6.6999998,0.442911011,0.070865762,0.059247502,1.9,600,21.0009003,1566.76001,86.3098984,19.9832993,-18.75,340,27,10.7166996,53.0999985,19.9832993,-18.75,136,7,340,27,0.304837,1.891629956,0.558898678
47.58,133.52,Seasonally frozen ground,Wetland,AM,1.46146401,5.86,2.03,0.45066,0.042700902,1.9,575,21.0009003,1566.76001,86.3098984,19.9832993,-18.75,340,27,10.7166996,53.0999985,19.9832993,-18.75,136,7,340,27,0.350481,1.891629956,0.558898678
47.58,133.52,Seasonally frozen ground,Wetland,NM,1.00607907,5.73,1.727,0.383394,0.042700902,1.9,575,21.0009003,1566.76001,86.3098984,19.9832993,-18.75,340,27,10.7166996,53.0999985,19.9832993,-18.75,136,7,340,27,0.350481,1.891629956,0.558898678
47.58,133.52,Seasonally frozen ground,Wetland,EcM,0.99490813,5.13,1.036,0.229992,0.042700902,1.9,575,21.0009003,1566.76001,86.3098984,19.9832993,-18.75,340,27,10.7166996,53.0999985,19.9832993,-18.75,136,7,340,27,0.350481,1.891629956,0.558898678
47.58,133.52,Seasonally frozen ground,Wetland,NM,1.011933965,5.43,1.596,0.354312,0.088,1.9,575,21.0009003,1566.76001,86.3098984,19.9832993,-18.75,340,27,10.7166996,53.0999985,19.9832993,-18.75,136,7,340,27,0.350481,1.891629956,0.558898678
47.58,133.52,Seasonally frozen ground,Wetland,NM,0.927733663,5.64,1.332,0.295704,0.081,1.9,575,21.0009003,1566.76001,86.3098984,19.9832993,-18.75,340,27,10.7166996,53.0999985,19.9832993,-18.75,136,7,340,27,0.350481,1.891629956,0.558898678
47.58,133.52,Seasonally frozen ground,Wetland,NM,1.324305096,6.6999998,0.442911011,0.098326244,0.042700902,1.9,600,21.0009003,1566.76001,86.3098984,19.9832993,-18.75,340,27,10.7166996,53.0999985,19.9832993,-18.75,136,7,340,27,0.304244,1.891629956,0.558898678
47.58,133.52,Seasonally frozen ground,Grassland,NM,0.990791564,6.6999998,0.442911011,0.098326244,0.042700902,1.9,600,21.0009003,1566.76001,86.3098984,19.9832993,-18.75,340,27,10.7166996,53.0999985,19.9832993,-18.75,136,7,340,27,0.304244,1.891629956,0.558898678
47.58,133.52,Seasonally frozen ground,Forest,EcM,0.765482282,6.6999998,0.442911011,0.098326244,0.042700902,1.9,600,21.0009003,1566.76001,86.3098984,19.9832993,-18.75,340,27,10.7166996,53.0999985,19.9832993,-18.75,136,7,340,27,0.304244,1.891629956,0.558898678
47.53,133.88,Seasonally frozen ground,Wetland,NM,1.190970062,5.15,0.200903,0.060672706,0.031389405,1.9,600,19.7402992,1554.02002,83.8142014,20,-18.4167004,339,29,10.9333,53.0999985,18.3332996,-18.4167004,136,7,340,29,0.304244,2.818061674,0.673480176
47.53,133.88,Seasonally frozen ground,Wetland,NM,0.648798963,4.65,0.200903,0.060672706,0.031389405,1.9,600,19.7402992,1554.02002,83.8142014,20,-18.4167004,339,29,10.9333,53.0999985,18.3332996,-18.4167004,136,7,340,29,0.304244,2.818061674,0.673480176
47.54,133.51,Seasonally frozen ground,Forest,EcM,1.253118864,3.82,0.455869995,0.101203139,0.042700902,1.9,600,24.3953991,1569.130005,85.9828033,19.9666996,-18.8167,336,27,10.7333002,53.2000008,19.9666996,-18.8167,135,7,336,27,0.304837,2.398678414,0.58154185
47.54,133.51,Seasonally frozen ground,Forest,EcM,0.548023154,3.88,0.455869995,0.101203139,0.042700902,1.9,600,24.3953991,1569.130005,85.9828033,19.9666996,-18.8167,336,27,10.7333002,53.2000008,19.9666996,-18.8167,135,7,336,27,0.304837,2.398678414,0.58154185
47.58,133.52,Seasonally frozen ground,Wetland,EcM,0.872076985,6.6999998,0.442911011,0.042519457,0.098745836,1.9,575,21.0009003,1566.76001,86.3098984,19.9832993,-18.75,340,27,10.7166996,53.0999985,19.9832993,-18.75,136,7,340,27,0.304837,1.891629956,0.558898678
47.58,133.52,Seasonally frozen ground,Wetland,EcM,0.644271142,6.6999998,0.442911011,0.057578431,0.072920002,1.9,575,21.0009003,1566.76001,86.3098984,19.9832993,-18.75,340,27,10.7166996,53.0999985,19.9832993,-18.75,136,7,340,27,0.304837,1.891629956,0.558898678
47.58,133.52,Seasonally frozen ground,Wetland,NM,1.06483222,6.6999998,0.442911011,0.039861991,0.105328892,1.9,575,21.0009003,1566.76001,86.3098984,19.9832993,-18.75,340,27,10.7166996,53.0999985,19.9832993,-18.75,136,7,340,27,0.304837,1.891629956,0.558898678
47.58,133.52,Seasonally frozen ground,Wetland,NM,0.928178651,6.6999998,0.442911011,0.046948567,0.089430191,1.9,575,21.0009003,1566.76001,86.3098984,19.9832993,-18.75,340,27,10.7166996,53.0999985,19.9832993,-18.75,136,7,340,27,0.304837,1.891629956,0.558898678
47.58,133.52,Seasonally frozen ground,Wetland,AM,0.900552825,6.6999998,0.442911011,0.012401508,0.338557153,1.9,575,21.0009003,1566.76001,86.3098984,19.9832993,-18.75,340,27,10.7166996,53.0999985,19.9832993,-18.75,136,7,340,27,0.304837,1.891629956,0.558898678
47.58,133.52,Seasonally frozen ground,Wetland,AM,1.035992955,6.6999998,0.442911011,0.015944796,0.26332223,1.9,575,21.0009003,1566.76001,86.3098984,19.9832993,-18.75,340,27,10.7166996,53.0999985,19.9832993,-18.75,136,7,340,27,0.304837,1.891629956,0.558898678
47.58,133.52,Seasonally frozen ground,Wetland,NM,1.039334789,5.7,3.2857,0.3022844,0.103039133,1.9,575,21.0009003,1566.76001,86.3098984,19.9832993,-18.75,340,27,10.7166996,53.0999985,19.9832993,-18.75,136,7,340,27,0.24353,1.891629956,0.558898678
47.58,133.52,Seasonally frozen ground,Wetland,NM,1.854073951,6.6999998,0.442911011,0.098326244,0.042700902,1.9,575,21.0009003,1566.76001,86.3098984,19.9832993,-18.75,340,27,10.7166996,53.0999985,19.9832993,-18.75,136,7,340,27,0.510122,1.891629956,0.558898678
47.58,133.52,Seasonally frozen ground,Wetland,NM,1.772131661,6.6999998,0.442911011,0.098326244,0.042700902,1.9,575,21.0009003,1566.76001,86.3098984,19.9832993,-18.75,340,27,10.7166996,53.0999985,19.9832993,-18.75,136,7,340,27,0.510122,1.891629956,0.558898678
47.58,133.52,Seasonally frozen ground,Wetland,NM,1.732941108,6.6999998,0.442911011,0.098326244,0.042700902,1.9,575,21.0009003,1566.76001,86.3098984,19.9832993,-18.75,340,27,10.7166996,53.0999985,19.9832993,-18.75,136,7,340,27,0.510122,1.891629956,0.558898678
47.58,133.52,Seasonally frozen ground,Wetland,AM,1.253764335,6.6999998,0.442911011,0.098326244,0.042700902,1.9,600,21.0009003,1566.76001,86.3098984,19.9832993,-18.75,340,27,10.7166996,53.0999985,19.9832993,-18.75,136,7,340,27,0.510122,1.891629956,0.558898678
42.4,128.47,Seasonally frozen ground,Forest,EcM,1.650268543,5.9,0.31520401,0.093300387,0.36806,3.6,595,4.9912901,1254.439941,95.4878998,17.6000004,-13.4167004,401,21,11.9917002,45.9000015,17.6000004,-13.4167004,150,5,401,21,0.510122,4.333039648,0.780088106
42.4,128.47,Seasonally frozen ground,Forest,EcM,1.384575613,5.4,0.31520401,0.093300387,0.33698,3.6,595,4.9912901,1254.439941,95.4878998,17.6000004,-13.4167004,401,21,11.9917002,45.9000015,17.6000004,-13.4167004,150,5,401,21,0.510122,4.333039648,0.780088106
42.4,128.47,Seasonally frozen ground,Forest,EcM,1.171129437,5.3,0.31520401,0.093300387,0.20398,3.6,595,4.9912901,1254.439941,95.4878998,17.6000004,-13.4167004,401,21,11.9917002,45.9000015,17.6000004,-13.4167004,150,5,401,21,0.510122,4.333039648,0.780088106
42.4,128.47,Seasonally frozen ground,Forest,EcM,1.086188505,5.4,0.31520401,0.093300387,0.147,3.6,595,4.9912901,1254.439941,95.4878998,17.6000004,-13.4167004,401,21,11.9917002,45.9000015,17.6000004,-13.4167004,150,5,401,21,0.510122,4.333039648,0.780088106
42.4,128.47,Seasonally frozen ground,Forest,EcM,0.780921878,5.4,0.31520401,0.093300387,0.07406,3.6,595,4.9912901,1254.439941,95.4878998,17.6000004,-13.4167004,401,21,11.9917002,45.9000015,17.6000004,-13.4167004,150,5,401,21,0.510122,4.333039648,0.780088106
42.4,128.47,Seasonally frozen ground,Forest,EcM,0.557652966,5.6,0.31520401,0.093300387,0.04298,3.6,595,4.9912901,1254.439941,95.4878998,17.6000004,-13.4167004,401,21,11.9917002,45.9000015,17.6000004,-13.4167004,150,5,401,21,0.54591,4.333039648,0.780088106
42.4,128.47,Seasonally frozen ground,Forest,EcM,0.357784692,5.6,0.31520401,0.093300387,0.02296,3.6,595,4.9912901,1254.439941,95.4878998,17.6000004,-13.4167004,401,21,11.9917002,45.9000015,17.6000004,-13.4167004,150,5,401,21,0.54591,4.333039648,0.780088106
42.4,128.47,Seasonally frozen ground,Forest,EcM,1.608329166,5.1,0.31520401,0.093300387,0.64694,3.6,595,4.9912901,1254.439941,95.4878998,17.6000004,-13.4167004,401,21,11.9917002,45.9000015,17.6000004,-13.4167004,150,5,401,21,0.54591,4.333039648,0.780088106
42.4,128.47,Seasonally frozen ground,Forest,EcM,1.398148626,5.1,0.31520401,0.093300387,0.31696,3.6,595,4.9912901,1254.439941,95.4878998,17.6000004,-13.4167004,401,21,11.9917002,45.9000015,17.6000004,-13.4167004,150,5,401,21,0.54591,4.333039648,0.780088106
42.4,128.47,Seasonally frozen ground,Forest,EcM,1.313900951,5.2,0.31520401,0.093300387,0.23002,3.6,595,4.9912901,1254.439941,95.4878998,17.6000004,-13.4167004,401,21,11.9917002,45.9000015,17.6000004,-13.4167004,150,5,401,21,0.54591,4.333039648,0.780088106
42.4,128.47,Seasonally frozen ground,Forest,EcM,1.207688532,5.3,0.31520401,0.093300387,0.18802,3.6,595,4.9912901,1254.439941,95.4878998,17.6000004,-13.4167004,401,21,11.9917002,45.9000015,17.6000004,-13.4167004,150,5,401,21,0.54591,4.333039648,0.780088106
42.4,128.47,Seasonally frozen ground,Forest,EcM,1.136872327,5.3,0.31520401,0.093300387,0.13006,3.6,595,4.9912901,1254.439941,95.4878998,17.6000004,-13.4167004,401,21,11.9917002,45.9000015,17.6000004,-13.4167004,150,5,401,21,0.54591,4.333039648,0.780088106
42.4,128.47,Seasonally frozen ground,Forest,EcM,0.988488137,5.6,0.31520401,0.093300387,0.07,3.6,595,4.9912901,1254.439941,95.4878998,17.6000004,-13.4167004,401,21,11.9917002,45.9000015,17.6000004,-13.4167004,150,5,401,21,0.54591,4.333039648,0.780088106
42.4,128.47,Seasonally frozen ground,Forest,EcM,1.004046599,5.6,0.31520401,0.093300387,0.04704,3.6,595,4.9912901,1254.439941,95.4878998,17.6000004,-13.4167004,401,21,11.9917002,45.9000015,17.6000004,-13.4167004,150,5,401,21,0.54591,4.333039648,0.780088106
41.83,124.9,Seasonally frozen ground,Forest,EcM,1.174582745,5.82,0.267097992,0.079061006,0.05306,4.2,775,4.9774799,1281.660034,103.7990036,18.1833,-13.6667004,577,26,12.1332998,47.2000008,18.1833,-13.6667004,240,6,577,26,0.54591,4.11277533,0.742511013
41.83,124.9,Seasonally frozen ground,Forest,EcM,1.011621686,5.55,0.267097992,0.079061006,0.03696,4.2,775,4.9774799,1281.660034,103.7990036,18.1833,-13.6667004,577,26,12.1332998,47.2000008,18.1833,-13.6667004,240,6,577,26,0.54591,4.11277533,0.742511013
41.83,124.9,Seasonally frozen ground,Forest,EcM,1.168521054,6,0.267097992,0.079061006,0.05796,4.2,775,4.9774799,1281.660034,103.7990036,18.1833,-13.6667004,577,26,12.1332998,47.2000008,18.1833,-13.6667004,240,6,577,26,0.54591,4.11277533,0.742511013
41.83,124.9,Seasonally frozen ground,Forest,EcM,1.039492966,6,0.267097992,0.079061006,0.04004,4.2,775,4.9774799,1281.660034,103.7990036,18.1833,-13.6667004,577,26,12.1332998,47.2000008,18.1833,-13.6667004,240,6,577,26,0.286799,4.11277533,0.742511013
41.83,124.9,Seasonally frozen ground,Forest,EcM,1.140608964,6,0.267097992,0.079061006,0.042,4.2,775,4.9774799,1281.660034,103.7990036,18.1833,-13.6667004,577,26,12.1332998,47.2000008,18.1833,-13.6667004,240,6,577,26,0.286799,4.11277533,0.742511013
41.83,124.9,Seasonally frozen ground,Forest,EcM,1.037140002,6,0.267097992,0.079061006,0.03794,4.2,775,4.9774799,1281.660034,103.7990036,18.1833,-13.6667004,577,26,12.1332998,47.2000008,18.1833,-13.6667004,240,6,577,26,0.286799,4.11277533,0.742511013
42.4,128.47,Seasonally frozen ground,Forest,EcM,1.779856039,5.7,0.31520401,0.093300387,0.52094,3.6,595,4.9912901,1254.439941,95.4878998,17.6000004,-13.4167004,401,21,11.9917002,45.9000015,17.6000004,-13.4167004,150,5,401,21,0.291679,4.333039648,0.780088106
42.4,128.47,Seasonally frozen ground,Forest,EcM,1.574411102,5.3,0.31520401,0.093300387,0.36694,3.6,595,4.9912901,1254.439941,95.4878998,17.6000004,-13.4167004,401,21,11.9917002,45.9000015,17.6000004,-13.4167004,150,5,401,21,0.291679,4.333039648,0.780088106
42.4,128.47,Seasonally frozen ground,Forest,EcM,1.349238893,5.1,0.31520401,0.093300387,0.26404,3.6,595,4.9912901,1254.439941,95.4878998,17.6000004,-13.4167004,401,21,11.9917002,45.9000015,17.6000004,-13.4167004,150,5,401,21,0.291679,4.333039648,0.780088106
42.4,128.47,Seasonally frozen ground,Forest,EcM,1.158820316,5.1,0.31520401,0.093300387,0.14196,3.6,595,4.9912901,1254.439941,95.4878998,17.6000004,-13.4167004,401,21,11.9917002,45.9000015,17.6000004,-13.4167004,150,5,401,21,0.291679,4.333039648,0.780088106
42.4,128.47,Seasonally frozen ground,Forest,EcM,0.635645757,5.1,0.31520401,0.093300387,0.04494,3.6,595,4.9912901,1254.439941,95.4878998,17.6000004,-13.4167004,401,21,11.9917002,45.9000015,17.6000004,-13.4167004,150,5,401,21,0.340727,4.333039648,0.780088106
42.4,128.47,Seasonally frozen ground,Forest,EcM,0.352103018,5,0.31520401,0.093300387,0.021,3.6,595,4.9912901,1254.439941,95.4878998,17.6000004,-13.4167004,401,21,11.9917002,45.9000015,17.6000004,-13.4167004,150,5,401,21,0.340727,4.333039648,0.780088106
42.4,128.47,Seasonally frozen ground,Forest,EcM,0.152532948,4.9,0.31520401,0.093300387,0.01204,3.6,595,4.9912901,1254.439941,95.4878998,17.6000004,-13.4167004,401,21,11.9917002,45.9000015,17.6000004,-13.4167004,150,5,401,21,0.340727,4.333039648,0.780088106
42.02,119.54,Seasonally frozen ground,Grassland,,0.073498399,8.5,0.130671997,0.036849503,0.031676597,7.0583301,425,3.2857101,1264.51001,114.6610031,21.7166996,-9.3500004,294,8,13.25,46.2000008,21.7166996,-9.3500004,131,2,294,8,0.445472,1.110132159,0.420220264
45.21,119.68,Seasonally frozen ground,Grassland,,0.611170797,8.3,0.354207001,0.078633954,0.029211351,0.075,406,11.1626997,1385.23999,116.9840012,16.2166996,-17.7833004,289,11,13.0667,49.0999985,16.2166996,-17.7833004,128,3,289,11,0.345057,2.625110132,0.678370044
40.95,119.69,Seasonally frozen ground,Forest,,0.198876927,7.6,0.162781998,0.049485727,0.027047149,7.7666702,528,1.5714,1179.839966,121.7089996,21.5,-7.53333,374,7,12.7666998,43.5999985,21.5,-7.53333,166,2,374,7,0.291715,2.225110132,0.628678414
40.82,123.43,Seasonally frozen ground,Forest,,0.595848805,5.6,0.219804993,0.054511638,0.048500804,6.6999998,826,3.6380401,1202.650024,106.3389969,20.5832996,-9.0666704,531,27,10.25,42.7000008,20.5832996,-9.0666704,227,7,531,27,0.425239,3.189867841,0.687488987
42.32,124.37,Seasonally frozen ground,Forest,,0.457730548,6.3,0.184259995,0.055646518,0.035573951,6.3916702,726,4.8248501,1335.140015,101.3679962,21.8167,-11.3167,457,24,12.3832998,48.9000015,21.8167,-11.3167,189,7,457,24,0.341653,3.64185022,0.720704846
41.78,124.72,Seasonally frozen ground,Forest,,0.954165295,6.3,0.243134003,0.071967665,0.035767568,5.34583,848,2.85973,1302.469971,102.5930023,20.5,-11.8667002,538,25,12.3416996,48,20.5,-11.8667002,219,6,538,25,0.376278,4.103964758,0.742070485
41.78,124.72,Seasonally frozen ground,Forest,,0.726564216,6.4,0.243134003,0.071967665,0.035767568,5.34583,848,2.85973,1302.469971,102.5930023,20.5,-11.8667002,538,25,12.3416996,48,20.5,-11.8667002,219,6,538,25,0.376278,4.103964758,0.742070485
42.61,126.23,Seasonally frozen ground,Grassland,,0.704081848,5.6,0.223324005,0.060744129,0.037453186,4.8249998,771,12.4145002,1408.630005,99.0744019,21.0167007,-14.0667,481,27,12.5832996,51.7000008,21.0167007,-14.0667,199,8,481,27,0.341331,2.685022026,0.638193833
42.61,126.23,Seasonally frozen ground,Grassland,,0.684988906,6.1,0.223324005,0.060744129,0.037453186,4.8249998,771,12.4145002,1408.630005,99.0744019,21.0167007,-14.0667,481,27,12.5832996,51.7000008,21.0167007,-14.0667,199,8,481,27,0.341331,2.685022026,0.638193833
47.87,123.37,Seasonally frozen ground,Grassland,,0.752325078,6.6,0.270274994,0.080001398,0.040773873,2.92083,439,13.3343,1488.069946,122.2180023,20.2833004,-16.3666992,315,6,13.0916996,52.0999985,20.2833004,-16.3666992,143,1,315,6,0.478155,2.572246696,0.652070485
42.8,124.24,Seasonally frozen ground,Grassland,,0.388491962,6.7,0.190307007,0.057472716,0.026656953,6.1208301,661,4.9219899,1329.420044,105.6149979,21.5333004,-11.3832998,428,17,11.5749998,47.5,21.5333004,-11.3832998,182,5,428,17,0.3263,3.275330396,0.707929515
42.8,124.24,Seasonally frozen ground,Grassland,,0.212400703,6.5,0.190307007,0.057472716,0.026656953,6.1208301,661,4.9219899,1329.420044,105.6149979,21.5333004,-11.3832998,428,17,11.5749998,47.5,21.5333004,-11.3832998,182,5,428,17,0.3263,3.275330396,0.707929515
50.03,125.04,Permafrost,Grassland,,1.273380969,6.5,0.241673996,0.071535503,0.046040539,-0.945833,500,15.6661997,1640.810059,110.1869965,17.9333,-22.3167,332,13,14.2250004,57.5999985,17.9333,-18.0832996,140,3,332,13,0.299045,3.148695652,0.719826087
47.07,125.46,Seasonally frozen ground,Grassland,,0.826282177,6.8,0.301730011,0.080260183,0.036755638,2.82917,463,14.9144001,1561.01001,118.9810028,21.0667,-17.6333008,323,7,11.1917,52.7999992,21.0667,-17.6333008,148,2,323,7,0.284895,1.769162996,0.577885463
47.46,127.17,Seasonally frozen ground,Grassland,,0.774487768,6.3,0.243007996,0.071930367,0.034519821,1.8791699,539,20.7369003,1598.48999,111.0469971,20.2166996,-19.2999992,361,12,11.2417002,54.0999985,20.2166996,-19.2999992,153,3,361,12,0.300399,2.327312775,0.585110132
45.16,127.8,Seasonally frozen ground,Forest,,0.92170728,6.3,0.232397003,0.063211985,0.048675247,3.3791699,578,16.3666,1493.689941,104.7730026,20.5832996,-16.4500008,374,15,12.8583002,53.4000015,20.5832996,-16.4500008,156,4,374,15,0.429313,2.544493392,0.623744493
42.73,129.27,Seasonally frozen ground,Grassland,,0.694008182,5.6,0.219759003,0.065048665,0.020476779,4.65417,579,6.9013901,1256.459961,95.9235992,19.2332993,-11.8332996,352,17,12.5916996,45.9000015,19.2332993,-11.8332996,133,4,352,17,0.341331,2.526431718,0.631629956
41.31,119.59,Seasonally frozen ground,Forest,,0.886287631,7.9,0.157772995,0.044807531,0.016531643,6.5374999,504,0.906328,1185.079956,119.6100006,20.3999996,-8.7666702,356,7,12.3916998,43.5,20.3999996,-8.7666702,157,2,356,7,0.326656,2.155506608,0.623920705
41.95,119.87,Seasonally frozen ground,Forest,,0.353339095,8.4,0.202201996,0.057020963,0.01600461,6.1750002,456,3.98017,1242.050049,117.7509995,20.6333008,-9.8666697,320,7,12.7833004,45.0999985,20.6333008,-9.8666697,143,2,320,7,0.301136,1.454185022,0.51185022
41.84,120.06,Seasonally frozen ground,Grassland,,0.198437135,7.9,0.211494003,0.059641309,0.018797801,7.3249998,463,1.1142,1238.300049,118.2570038,21.7332993,-8.6999998,325,7,13.0832996,45.2999992,21.7332993,-8.6999998,147,2,325,7,0.263743,1.211013216,0.474493392
41.15,120.38,Seasonally frozen ground,Forest,,0.289053558,7.2,0.173501999,0.052744608,0.024579604,8.47083,515,0.956566,1205.160034,121.5589981,22.3999996,-7.25,365,7,12.5749998,44.2000008,22.3999996,-7.25,165,2,365,7,0.50819,2.174008811,0.611101322
40.4,122.54,Seasonally frozen ground,Forest,,0.315970345,6.2,0.247350998,0.074205299,0.034536667,8.6041698,690,2.08723,1192.199951,107.723999,22.3500004,-7.0666699,442,21,9.4583302,41.2999992,22.3500004,-7.0666699,191,6,442,21,0.344113,1.568281938,0.581982379
40.4,122.54,Seasonally frozen ground,Forest,,0.29666519,6.6,0.247350998,0.074205299,0.034536667,8.6041698,690,2.08723,1192.199951,107.723999,22.3500004,-7.0666699,442,21,9.4583302,41.2999992,22.3500004,-7.0666699,191,6,442,21,0.344113,1.568281938,0.581982379
49.31,123.88,Permafrost,Forest,,0.941113727,6.8,0.239483994,0.070887262,0.039716218,-0.575,516,15.2806997,1523.839966,117.4000015,17.25,-20.1333008,359,10,14.9333,55.4000015,17.25,-20.1333008,157,2,359,10,0.3078,3.215859031,0.713876652
46.84,124.92,Seasonally frozen ground,Grassland,,0.730200674,8.6,0.186287994,0.054396094,0.04051735,3.6458299,437,10.8957996,1533.790039,121.1920013,21.5667,-16.3666992,309,6,11.4250002,52.5,21.5667,-16.3666992,143,1,309,6,0.329987,1.8969163,0.560440529
46.53,128,Seasonally frozen ground,Forest,,0.937477803,6.2,0.291852997,0.077049197,0.036405048,2.2083299,588,5.27771,1497.420044,108.0270004,19.5667,-17.3833008,386,12,12.0500002,52.5999985,19.5667,-17.3833008,160,3,386,12,0.325435,4.375770925,0.784845815
42.42,128.14,Seasonally frozen ground,Grassland,,1.387418304,,0.202811997,0.061249223,0.032828255,3.0208299,689,7.54562,1292.52002,94.9990005,18.0667,-13.9666996,423,26,12.6917,47.7999992,18.0667,-13.9666996,161,7,423,26,0.366879,1.433920705,0.472555066
44.09,124.23,Seasonally frozen ground,Grassland,,0.189770956,7.3,0.339075989,0.087481605,0.042036436,5.5124998,493,9.5685301,1414.859985,116.6419983,21.8999996,-13.0500002,341,9,11.6917,49.2999992,21.8999996,-13.0500002,157,2,341,9,0.328258,2.540088106,0.613480176
51.22,125.93,Permafrost,Forest,,0.528505339,5.7,0.299389008,0.080236254,0.03758383,-1.84583,516,7.76895,1616.48999,102.0449982,16.9832993,-22.6166992,328,16,13.8249998,56.7000008,16.9832993,-22.6166992,132,4,328,16,0.336465,3.70349345,0.747510917
51.22,125.93,Permafrost,Forest,,-0.053351266,5.9,0.299389008,0.080236254,0.03758383,-1.84583,516,7.76895,1616.48999,102.0449982,16.9832993,-22.6166992,328,16,13.8249998,56.7000008,16.9832993,-22.6166992,132,4,328,16,0.336465,3.70349345,0.747510917
49,126.26,Permafrost,Forest,,1.075517764,5.5,0.263174011,0.077899507,0.032042342,-0.220833,526,22.6291008,1594.640015,110.7089996,18.2166996,-21.0667,351,11,12.3249998,54.7000008,18.2166996,-21.0667,149,3,351,11,0.360443,2.651982379,0.653964758
42.17,119.97,Seasonally frozen ground,Forest,,0.402295781,,0.128578995,0.027515905,0.041742057,5.90833,462,3.72173,1240.920044,116.2480011,20.4167004,-10.0667,321,8,12.4167004,44.7000008,20.4167004,-10.0667,145,2,321,8,0.338177,1.303964758,0.48969163
41.8,120.8,Seasonally frozen ground,Grassland,,0.599468221,7.8,0.212710007,0.059984222,0.025180143,8.4624996,478,0.430796,1248.680054,118.9199982,22.8999996,-7.8166699,335,7,12.5082998,45.0999985,22.8999996,-7.8166699,152,2,335,7,0.338177,1.50660793,0.531277533
52.45,123.83,Permafrost,Forest,,1.262280186,5.1,0.251130997,0.074334775,0.037244144,-3.8708301,522,7.4126,1605.979981,100.3030014,15.3167,-23.8666992,331,18,14.1083002,55.9000015,15.3167,-23.8666992,133,5,331,18,0.366503,3.836681223,0.75489083
48.14,123.99,Permafrost,Grassland,,0.749164092,6.7,0.305929993,0.081377378,0.039446616,2.6833301,450,15.1929998,1545.040039,120.4700012,20.6333008,-17.4666996,318,7,13.5166998,54.2999992,20.6333008,-13.4833002,144,1,318,7,0.314462,2.215859031,0.536167401
42.06,124.61,Seasonally frozen ground,Forest,,0.611170797,6.1,0.234460999,0.069400456,0.036156083,6.2541699,788,6.2644601,1310.319946,100.7639999,21.5167007,-11.0333004,493,25,12.5417004,48.5999985,21.5167007,-11.0333004,201,7,493,25,0.57898,3.062995595,0.671806167
48.2,128.94,Permafrost,Forest,,1.350995757,4.7,0.238473007,0.072018848,0.032596689,0.354167,620,9.1926699,1531.52002,105.2610016,18.1333008,-19.5832996,402,15,13.125,55,18.1333008,-19.5832996,154,4,402,15,0.364428,3.552422907,0.704757709
44.44,131.08,Seasonally frozen ground,Forest,,0.902916234,6.5,0.245322998,0.066727855,0.033912991,2.78333,606,6.6336598,1305.119995,86.9894028,18.0333004,-14.1499996,345,25,11.8332996,46.5999985,18.0333004,-14.1499996,126,6,345,25,0.418665,4.055066079,0.738898678
45.46,132.07,Seasonally frozen ground,Forest,,1.851774302,6.1,0.383217011,0.085074176,0.055673273,3.6166699,563,12.6807003,1395.23999,82.9952011,19.75,-14.6167002,304,24,11.25,48.7999992,19.75,-14.6167002,117,6,304,24,0.232868,3.423788546,0.707709251
43.72,119.77,Seasonally frozen ground,Grassland,,0.492816273,8.7,0.172324997,0.049629603,0.034854396,6.5458298,376,2.3387101,1307.050049,122.2710037,21.8999996,-10.1667004,275,5,13.6917,47.5,21.8999996,-10.1667004,122,1,275,5,0.232868,0.785022026,0.335198238
42.71,122.49,Seasonally frozen ground,Grassland,,-0.078833949,7.1,0.138231003,0.038428219,0.033239088,6.8874998,501,3.2737501,1330.369995,113.0360031,22.4500008,-10.3667002,337,7,12.125,47.2999992,22.4500008,-10.3667002,151,2,337,7,0.243842,1.315859031,0.49092511
45.58,123.44,Seasonally frozen ground,Grassland,,0.424881637,8.3,0.343489014,0.091368078,0.033816041,5.5583301,426,8.7900896,1463.859985,119.413002,22.6333008,-13.4333,301,5,12.0500002,50.9000015,22.6333008,-13.4333,140,1,301,5,0.210201,0.950220264,0.397709251
41.9,123.52,Seasonally frozen ground,Grassland,,0.475642138,6.5,0.186988007,0.056470378,0.02323201,7.8625002,661,3.2738199,1295.23999,101.8980026,22.8332996,-9.2333298,413,18,11.4083004,46.2999992,22.8332996,-9.2333298,169,5,413,18,0.329336,0.528193833,0.261497797
41.9,123.52,Seasonally frozen ground,Grassland,,0.187577119,6.3,0.186988007,0.056470378,0.02323201,7.8625002,661,3.2738199,1295.23999,101.8980026,22.8332996,-9.2333298,413,18,11.4083004,46.2999992,22.8332996,-9.2333298,169,5,413,18,0.329336,0.528193833,0.261497797
43.14,125.82,Seasonally frozen ground,Forest,,0.704287821,6.6,0.253932007,0.075163874,0.025122297,4.1750002,715,9.43046,1410.209961,103.3219986,20.3666992,-14.6999998,458,22,12.1499996,50.9000015,20.3666992,-14.6999998,196,6,458,22,0.335303,3.165198238,0.68061674
44.24,129.92,Seasonally frozen ground,Forest,,0.713322505,5,0.242701004,0.066014673,0.051774754,1.86667,608,7.4142599,1336.459961,99.0294037,17.6000004,-15.3999996,376,10,11.8000002,47.2999992,17.6000004,-15.3999996,136,2,376,10,0.452853,3.728634361,0.701409692
43.98,130.58,Seasonally frozen ground,Forest,,1.248149893,6,0.242981003,0.066090833,0.034877207,2.2249999,620,3.61292,1293.479981,91.3415985,17.3833008,-14.4833002,360,17,11.4833002,45.4000015,17.3833008,-14.4833002,135,4,360,17,0.263235,3.900881057,0.723524229
41,119.25,Seasonally frozen ground,Forest,,0.446661411,7.5,0.158998993,0.048335694,0.023350657,7.5666699,517,3.1908801,1183.77002,120.7740021,21.3332996,-7.78333,366,7,12.9167004,43.9000015,21.3332996,-7.78333,160,2,366,7,0.422668,2.591629956,0.661321586
40.39,123.38,Seasonally frozen ground,Forest,,0.607111741,6.4,0.263587006,0.079603276,0.031925829,8.3625002,829,1.8796999,1170.619995,105.2259979,21.8833008,-6.9833298,525,29,10.1583004,41.7000008,21.8833008,-6.9833298,227,8,525,29,0.425897,2.830396476,0.625374449
42.88,126.54,Seasonally frozen ground,Forest,,0.604830619,6.1,0.224423004,0.061043057,0.036818874,4.4749999,746,12.3291998,1436.73999,98.2500992,20.8999996,-14.8832998,463,27,12.8167,52.7999992,20.8999996,-14.8832998,192,8,463,27,0.347522,3.518061674,0.716299559
41.89,120.11,Seasonally frozen ground,Grassland,,0.242640798,7.9,0.204216003,0.057588913,0.018797801,6.78333,467,0.947069,1235.380005,119.4049988,21.1667004,-9.1999998,330,7,13.1999998,45.2999992,21.1667004,-9.1999998,149,2,330,7,0.286327,1.5030837,0.52030837
41.74,124.17,Seasonally frozen ground,Grassland,,0.352105303,6.8,0.341891998,0.101200031,0.035368694,7.125,771,6.75811,1294.209961,102.7060013,22.0832996,-10.0333004,487,23,11.8167,47.2000008,22.0832996,-10.0333004,199,6,487,23,0.301575,3.251982379,0.690352423
40,122.86,Seasonally frozen ground,Grassland,,0.566366774,6,0.195365006,0.059000232,0.033470419,9.1958303,752,1.2835,1140.880005,104.7030029,22.3666992,-5.71667,473,27,9.4250002,39.9000015,22.3666992,-5.71667,206,8,473,27,0.304694,1.41754386,0.490131579
44.38,124.63,Seasonally frozen ground,Grassland,,0.458305392,7.8,0.341700989,0.090892463,0.041752631,5.0208302,507,9.7504101,1435.77002,116.6119995,21.6000004,-13.8000002,351,10,11.4250002,49.5,21.6000004,-13.8000002,162,2,351,10,0.318354,2.229955947,0.586299559
43.57,124.9,Seasonally frozen ground,Forest,,0.694008182,6.7,0.278677002,0.082488393,0.044974323,4.8125,601,9.5780001,1425.939941,108.2350006,21.3666992,-14,397,15,11.5916996,50.4000015,21.3666992,-14,172,5,397,15,0.221418,1.640528634,0.52123348
47.16,127.51,Permafrost,Forest,,0.872692252,7,0.300123993,0.088836702,0.061190992,2.1166699,558,20.9004993,1583.630005,109.6449966,20.2667007,-18.8500004,370,14,11.5667,54.0999985,20.2667007,-18.8500004,156,4,370,14,0.521961,2.721585903,0.633215859
43.5,127.56,Seasonally frozen ground,Forest,,0.701947719,6.9,0.220673996,0.054727151,0.038058871,2.64167,675,8.3282804,1372.369995,102.3779984,18.4500008,-15.6000004,431,18,12.0832996,49.2999992,18.4500008,-15.6000004,178,5,431,18,0.318317,4.164757709,0.753480176
41.45,127.86,Seasonally frozen ground,Forest,,1.013545011,5.6,0.231888001,0.057508224,0.066997041,3.3125,729,4.1394601,1272.5,92.1205978,18.1000004,-13.4833002,439,35,12.125,46.7000008,18.1000004,-13.4833002,167,10,439,35,0.31895,4.1,0.763127753
41.45,127.86,Seasonally frozen ground,Forest,,0.730911415,5.8,0.231888001,0.057508224,0.066997041,3.3125,729,4.1394601,1272.5,92.1205978,18.1000004,-13.4833002,439,35,12.125,46.7000008,18.1000004,-13.4833002,167,10,439,35,0.339064,4.1,0.763127753
44.59,128.41,Seasonally frozen ground,Forest,,1.08088612,5.1,0.257183014,0.076126172,0.040783109,0.808333,653,12.5621996,1377.640015,102.6579971,16.9666996,-17.0667,418,13,12.1000004,49.5,16.9666996,-17.0667,168,3,418,13,0.339064,3.901321586,0.729647577
44.55,129.71,Seasonally frozen ground,Forest,,0.930684199,6.3,0.292796997,0.086667911,0.021149414,4.0875001,557,13.2425003,1411.189941,97.0434036,20.4333,-14.5,342,13,12.0082998,50,20.4333,-14.5,124,3,342,13,0.318169,1.718942731,0.542202643
44.99,119.79,Seasonally frozen ground,Grassland,,0.652768341,8.3,0.356308991,0.094778191,0.028829826,2.875,389,1.99027,1335.579956,119.8399963,18.6000004,-14.1999998,282,8,14.1667004,48.7999992,18.6000004,-14.1999998,124,2,282,8,0.354736,1.744493392,0.545330396
46.44,121.07,Seasonally frozen ground,Grassland,,0.860457795,7,0.242964005,0.071917345,0.021208288,1.23333,431,3.5983801,1344.339966,120.9729996,17.1333008,-15.9666996,312,10,14.0667,48.7000008,17.1333008,-15.9666996,140,3,312,10,0.28981,2.03876652,0.600748899
41.72,122.19,Seasonally frozen ground,Grassland,,0.420516831,8.1,0.325835999,0.086672376,0.021711753,8.6833296,551,0.981757,1260.910034,108.0780029,23.2833004,-7.78333,358,11,11.4833002,44.5,23.2833004,-7.78333,155,3,358,11,0.331597,2.070044053,0.596387665
41.72,122.19,Seasonally frozen ground,Grassland,,0.354300562,7.9,0.325835999,0.086672376,0.021711753,8.6833296,551,0.981757,1260.910034,108.0780029,23.2833004,-7.78333,358,11,11.4833002,44.5,23.2833004,-7.78333,155,3,358,11,0.341939,2.070044053,0.596387665
47.72,122.64,Permafrost,Grassland,,1.058091856,6.7,0.256091003,0.06760803,0.031112623,2.72083,442,8.4520302,1427.810059,123.0599976,19.5,-15.6499996,321,7,13.0749998,50.2999992,19.5,-15.6499996,144,2,321,7,0.347598,1.713656388,0.564889868
46.75,124.48,Seasonally frozen ground,Grassland,,0.474099659,7.9,0.338354004,0.090002165,0.032782959,3.95,434,9.5882902,1535.23999,119.4639969,21.7999992,-16.1000004,306,6,11.7666998,52.5999985,21.7999992,-16.1000004,141,1,306,6,0.525993,1.708370044,0.552026432
42.32,126.89,Seasonally frozen ground,Forest,,1.253454319,5.3,0.234337997,0.063739935,0.037168872,3.84583,789,5.3870001,1337.579956,98.4299011,19.4167004,-13.8500004,493,28,12.8583002,50.0999985,19.4167004,-13.8500004,199,7,493,28,0.314431,3.83215859,0.733876652
45.22,127.93,Seasonally frozen ground,Forest,,0.948354273,6.2,0.188727005,0.056995556,0.043839958,3.7,576,11.7289,1494.410034,103.4339981,20.9832993,-16.0832996,369,15,13.0333004,53.7000008,20.9832993,-16.0832996,152,4,369,15,0.386885,0.829955947,0.360044053
41.79,120.72,Seasonally frozen ground,Grassland,,0.363687176,7.7,0.170667007,0.05188277,0.023357895,8.8125,476,1.001,1258.48999,119.3590012,23.3833008,-7.5833302,334,7,12.6750002,45.5999985,23.3833008,-7.5833302,153,2,334,7,0.323457,,
45.53,120.86,Seasonally frozen ground,Grassland,,0.450187502,8.3,0.324924011,0.086429787,0.026619548,4.2375002,392,1.29723,1348.569946,124.9599991,20.2166996,-12.9333,291,7,13.4083004,48.4000015,20.2166996,-12.9333,131,2,291,7,0.323457,1.040969163,0.425859031
46.85,122.49,Seasonally frozen ground,Grassland,,0.905903799,6.5,0.270419006,0.071390623,0.018185428,3.84167,423,6.43292,1417.609985,125.8960037,20.5,-14.4833002,313,6,13.1000004,50.2000008,20.5,-14.4833002,143,2,313,6,0.341529,1.784581498,0.535330396
41.78,124.63,Seasonally frozen ground,Forest,,0.816466677,5.8,0.190033005,0.057389967,0.035056954,6.3291702,820,6.9157,1310.160034,100.1669998,21.5333004,-11.0500002,512,29,12.3583002,48.2000008,21.5333004,-11.0500002,207,8,512,29,0.321149,2.760352423,0.641938326
47.58,128.83,Permafrost,Forest,,1.104569046,6.6,0.254791,0.063188168,0.01608406,-0.870833,685,13.7655001,1474.420044,106.1549988,16.4167004,-19.8999996,447,16,12.6083002,52.7000008,16.4167004,-19.8999996,175,4,447,16,0.324893,3.801321586,0.712687225
42.51,129.53,Seasonally frozen ground,Forest,,0.671172843,6,0.331696991,0.088894794,0.035005721,1.0375,730,9.6342697,1183.410034,92.4597015,14.8500004,-14.2833004,433,25,11.3249998,42.7999992,14.8500004,-14.2833004,165,6,433,25,0.386885,3.672687225,0.682202643
46.65,124.48,Seasonally frozen ground,Grassland,,0.740709986,,0.314312988,0.087379011,0.031367867,3.90417,425,11.4597998,1522.569946,121.3420029,21.7166996,-15.8999996,303,6,11.2749996,52.2000008,21.7166996,-15.8999996,140,1,303,6,0.336012,1.550220264,0.538325991
46.65,124.48,Seasonally frozen ground,Grassland,,0.577583704,,0.314312988,0.085493133,0.032059805,3.90417,425,11.4597998,1522.569946,121.3420029,21.7166996,-15.8999996,303,6,11.2749996,52.2000008,21.7166996,-15.8999996,140,1,303,6,0.244554,1.550220264,0.538325991
42.01,120.75,Seasonally frozen ground,Grassland,,0.166252452,7.7,0.211289993,0.059583778,0.030557919,7.8874998,468,0.608099,1245.920044,119.2259979,22.3666992,-8.25,329,6,12.3916998,44.7999992,22.3666992,-8.25,150,1,329,6,0.322802,1.515418502,0.523744493
46.26,123.31,Seasonally frozen ground,Grassland,,0.662153208,8.7,0.373410004,0.098580248,0.020630401,5.21667,400,7.8698401,1463.699951,123.4120026,22.25,-13.8000002,291,5,12.1000004,50.5999985,22.25,-13.8000002,133,1,291,5,0.333997,1.729515419,0.566651982
46.26,123.31,Seasonally frozen ground,Grassland,,0.631118974,8.7,0.373410004,0.098580248,0.020630401,5.21667,400,7.8698401,1463.699951,123.4120026,22.25,-13.8000002,291,5,12.1000004,50.5999985,22.25,-13.8000002,133,1,291,5,0.333997,1.729515419,0.566651982
44.45,130.09,Seasonally frozen ground,Forest,,0.860457795,6.7,0.234332993,0.069362566,0.04293919,2.60833,592,7.4394102,1354.089966,96.3350983,18.4167004,-15.0166998,360,14,11.8832998,47.7999992,18.4167004,-15.0166998,131,3,360,14,0.336012,4.047136564,0.747180617
44.66,130.53,Seasonally frozen ground,Grassland,,1.14523371,5,0.236578995,0.070027382,0.031734235,3.35833,576,16.4172993,1398.380005,92.430603,19.5667,-15.0667,341,17,12.1999998,49.5999985,19.5667,-15.0667,124,4,341,17,0.244554,2.142731278,0.566828194
44.67,119.16,Seasonally frozen ground,Grassland,,1.080337823,6.2,0.341473999,0.087417344,0.060405468,1.51667,385,2.4117501,1329.119995,117.637001,17.0167007,-15.5667,275,10,12.8832998,47.4000015,17.0167007,-15.5667,121,3,275,10,0.34996,2.518061674,0.676563877
46.83,121.74,Seasonally frozen ground,Grassland,,0.985085045,5.8,0.271406006,0.071651191,0.023812398,2.6166699,420,5.8937402,1364.849976,125.1600037,18.7166996,-14.8832998,311,7,13.5166998,48.7000008,18.7166996,-14.8832998,140,2,311,7,0.378801,1.538325991,0.53092511
46.83,121.74,Seasonally frozen ground,Grassland,,0.807210233,6.4,0.271406006,0.071651191,0.023812398,2.6166699,420,5.8937402,1364.849976,125.1600037,18.7166996,-14.8832998,311,7,13.5166998,48.7000008,18.7166996,-14.8832998,140,2,311,7,0.378801,1.538325991,0.53092511
52.61,123.33,Permafrost,Forest,,1.051708064,5.5,0.280751007,0.0836638,0.042149217,-4.4458299,503,10.8360996,1686.089966,100.6900024,15.3999996,-25.7999992,320,17,15.3916998,59,15.3999996,-25.7999992,126,5,320,17,0.347722,3.034934498,0.702401747
52.61,123.33,Permafrost,Forest,,0.79436255,5.7,0.280751007,0.0836638,0.042149217,-4.4458299,503,10.8360996,1686.089966,100.6900024,15.3999996,-25.7999992,320,17,15.3916998,59,15.3999996,-25.7999992,126,5,320,17,0.347722,3.034934498,0.702401747
52.61,123.33,Permafrost,Forest,,0.519539243,5.8,0.280751007,0.0836638,0.042149217,-4.4458299,503,10.8360996,1686.089966,100.6900024,15.3999996,-25.7999992,320,17,15.3916998,59,15.3999996,-25.7999992,126,5,320,17,0.337746,3.034934498,0.702401747
41.11,123.39,Seasonally frozen ground,Forest,,0.872692252,6.7,0.233084,0.068992864,0.028451801,8.0833302,742,2.17291,1232.709961,106.0800018,22.25,-8.1833296,475,22,10.0667,43.7999992,22.25,-8.1833296,199,5,475,22,0.337746,3.615859031,0.734229075
46.46,125.3,Seasonally frozen ground,Grassland,,0.78521594,8.2,0.253253006,0.066858799,0.041158582,3.8708301,465,10.6689997,1526.51001,116.5270004,21.7667007,-16,321,9,11.9083004,52.9000015,21.7667007,-16,147,2,321,9,0.337746,1.831277533,0.526035242
50.16,126.19,Permafrost,Grassland,,1.545559454,5.8,0.390054993,0.086592208,0.045170569,-1.675,538,18.2388992,1628.229981,104.4120026,17.1333008,-22.7833004,346,15,13.6332998,56.9000015,17.1333008,-18.7332993,140,4,346,15,0.271947,2.819130435,0.676782609
42.5,126.24,Seasonally frozen ground,Grassland,,0.752632239,5.7,0.224593002,0.061089297,0.035819117,4.8125,782,12.3526001,1415.390015,97.9347,21.0667,-14.2166996,486,29,12.875,52.0999985,21.0667,-14.2166996,199,8,486,29,0.280236,2.056387665,0.560969163
45.99,128.35,Seasonally frozen ground,Forest,,0.89124746,6,0.293545013,0.086889324,0.031751351,2.9375,561,19.7339001,1553.800049,103.5329971,20.8332996,-17.7000008,359,16,12.4083004,54.5999985,20.8332996,-17.7000008,147,4,359,16,0.309372,2.07092511,0.553259912
41.85,124.9,Seasonally frozen ground,Forest,,0.746073457,,0.261471008,0.056477738,0.049014816,4.1833301,868,5.9579201,1297.089966,102.6029968,19.3500004,-12.8999996,553,26,12.3667002,47.9000015,19.3500004,-12.8999996,227,6,553,26,0.286392,4.351101322,0.769911894
42.9,120.68,Seasonally frozen ground,Grassland,,-0.2644011,,0.118247002,0.037839041,0.028541249,7.1750002,436,3.36766,1319.569946,116.7750015,22.6000004,-9.8333302,306,7,12.5,47,22.6000004,-9.8333302,137,2,306,7,0.195195,1.007488987,0.41753304
49.38,121.08,Permafrost,Grassland,,1.038985563,8.3,0.404915985,0.104468324,0.03927235,-2.46667,427,21.2136002,1639.52002,121.5400009,16.4333,-23.7833004,309,11,13.7833004,56.2999992,16.4333,-20.3332996,131,2,309,8,0.351232,2.373478261,0.621347826
48.79,125.51,Permafrost,Forest,,1.051075308,6.8,0.232386002,0.068786256,0.019311959,0.558333,503,14.0546999,1593.420044,114.3779984,18.9500008,-20.2667007,342,11,12.3667002,54.4000015,18.9500008,-20.2667007,149,3,342,11,0.320769,3.1030837,0.688942731
45.59,127.56,Seasonally frozen ground,Forest,,1.273380969,6.5,0.228834,0.067734864,0.038003604,2.6375,588,11.79,1456.979981,108.4100037,19.6333008,-16.3833008,388,13,12.0249996,51.4000015,19.6333008,-16.3833008,165,3,388,13,0.474493,3.874889868,0.741629956
41.8,127.94,Seasonally frozen ground,Forest,,1.396603803,4.7,0.274933991,0.081380461,0.035205405,-1.1625,836,19.8880005,1277.25,98.4451981,13.9499998,-17.7000008,525,26,12.5916996,47.5,13.9499998,-17.7000008,203,6,525,26,0.474493,2.437885463,0.582246696
42.95,129.16,Seasonally frozen ground,Forest,,0.711840959,6.4,0.229822998,0.068027607,0.020476779,3.9000001,596,4.8269401,1255.349976,97.3376999,18.5,-12.5,368,18,12.4167004,45.5999985,18.5,-12.5,136,5,368,18,0.377838,4.289427313,0.760660793
46.35,133.59,Seasonally frozen ground,Forest,,0.865743392,5.4,0.253373001,0.074998408,0.04668491,2.79583,634,9.3319798,1467.310059,76.9041977,19.6333008,-16.5499992,327,32,11.0082998,50.7999992,19.6333008,-16.5499992,128,9,327,32,0.377838,4.15814978,0.755770925
47.68,123.23,Permafrost,Grassland,,0.980494233,6,0.236098007,0.06988501,0.040773873,3.4875,430,10.9505997,1475.790039,122.8960037,20.75,-15.6167002,311,6,13.0082998,51.5999985,20.75,-15.6167002,141,1,311,6,0.288309,1.787665198,0.520881057
47.8,124.53,Seasonally frozen ground,Grassland,,0.578937041,8.6,0.338885986,0.087432584,0.029457881,2.7375,454,15.4526997,1568.979981,116.9840012,20.8833008,-17.8332996,315,8,12.2749996,53.7999992,20.8833008,-17.8332996,143,2,315,8,0.414473,2.492070485,0.603788546
41.08,125.01,Seasonally frozen ground,Grassland,,1.290835647,6,0.242764999,0.07185844,0.051889866,5.7375002,958,3.6689601,1268.400024,102.0540009,20.5,-11.0667,602,36,11.9750004,46.9000015,20.5,-11.0667,254,9,602,36,0.291169,3.684581498,0.684229075
48.22,126.13,Permafrost,Forest,,1.286869459,5.6,0.228925003,0.067761801,0.036238962,1.27083,509,17.0585003,1559.25,114.6490021,19.3666992,-19.0832996,347,10,11.125,52.7000008,19.3666992,-19.0832996,153,3,347,10,0.280645,3.344052863,0.716431718
48.22,126.13,Permafrost,Forest,,0.747753515,6.2,0.228925003,0.067761801,0.036238962,1.27083,509,17.0585003,1559.25,114.6490021,19.3666992,-19.0832996,347,10,11.125,52.7000008,19.3666992,-19.0832996,153,3,347,10,0.280645,3.344052863,0.716431718
48.72,126.13,Permafrost,Grassland,,0.455636535,6.8,0.643599976,0.110699196,0.055142636,0.75,511,24.3206005,1630.560059,115.7630005,19.7000008,-20.5667,350,8,12.0667,55.7000008,19.7000008,-20.5667,153,2,350,8,0.340687,0.963876652,0.334052863
42.4,128.1,Seasonally frozen ground,Forest,,1.488031509,5.6,0.240406998,0.065390703,0.036449019,2.8791699,683,6.3900599,1282.199951,96.3380966,17.8167,-13.9499998,422,23,12.5417004,47.5,17.8167,-13.9499998,161,6,422,23,0.349319,3.67753304,0.723568282
42.67,124.95,Seasonally frozen ground,Forest,,1.504715467,,0.238195007,0.070505722,0.028653604,5.0208302,742,5.9793501,1356.459961,101.8069992,20.7667007,-12.8999996,471,23,12.625,49.7000008,20.7667007,-12.8999996,195,7,471,23,0.303833,4.256828194,0.781277533
42.67,124.95,Seasonally frozen ground,Forest,,0.789355046,6.1,0.238195007,0.070505722,0.028653604,5.0208302,742,5.9793501,1356.459961,101.8069992,20.7667007,-12.8999996,471,23,12.625,49.7000008,20.7667007,-12.8999996,195,7,471,23,0.303833,4.256828194,0.781277533
47.26,126.07,Permafrost,Grassland,,0.870965433,6.5,0.280807007,0.083118874,0.032702704,2.1916699,496,18.0942001,1539.540039,117.0810013,20.2166996,-17.8833008,344,9,10.4666996,51,20.2166996,-17.8833008,154,2,344,9,0.180443,2.062555066,0.543171806
47.26,126.07,Permafrost,Grassland,,0.813714392,6.7,0.280807007,0.083118874,0.032702704,2.1916699,496,18.0942001,1539.540039,117.0810013,20.2166996,-17.8833008,344,9,10.4666996,51,20.2166996,-17.8833008,154,2,344,9,0.180443,2.062555066,0.543171806
51.59,126.12,Permafrost,Forest,,1.201265997,5.9,0.256580994,0.075947974,0.047157434,-1.525,512,6.7160802,1590.900024,101.4629974,17.1499996,-21.7999992,324,13,13.1499996,55.2999992,17.1499996,-21.7999992,129,3,324,13,0.295148,4.030567686,0.779694323
51.59,126.12,Permafrost,Forest,,0.894537585,5.5,0.256580994,0.075947974,0.047157434,-1.525,512,6.7160802,1590.900024,101.4629974,17.1499996,-21.7999992,324,13,13.1499996,55.2999992,17.1499996,-21.7999992,129,3,324,13,0.295148,4.030567686,0.779694323
48.72,126.13,Permafrost,Grassland,,0.455636535,6.8,0.643599976,0.110699196,0.055142636,0.75,511,24.3206005,1630.560059,115.7630005,19.7000008,-20.5667,350,8,12.0667,55.7000008,19.7000008,-20.5667,153,2,350,8,0.262823,0.963876652,0.334052863
42.4,128.1,Seasonally frozen ground,Forest,,1.488031509,5.6,0.240406998,0.065390703,0.036449019,2.8791699,683,6.3900599,1282.199951,96.3380966,17.8167,-13.9499998,422,23,12.5417004,47.5,17.8167,-13.9499998,161,6,422,23,0.511135,3.67753304,0.723568282
48.72,126.13,Permafrost,Grassland,,0.455636535,6.8,0.643599976,0.110699196,0.055142636,0.75,511,24.3206005,1630.560059,115.7630005,19.7000008,-20.5667,350,8,12.0667,55.7000008,19.7000008,-20.5667,153,2,350,8,,0.963876652,0.334052863
42.4,128.1,Seasonally frozen ground,Forest,,1.488031509,5.6,0.240406998,0.065390703,0.036449019,2.8791699,683,6.3900599,1282.199951,96.3380966,17.8167,-13.9499998,422,23,12.5417004,47.5,17.8167,-13.9499998,161,6,422,23,,3.67753304,0.723568282
